Timestamp,bptrp.sm,bptte.x,bptte.y,bptte.z,bpttp.x,bpttp.y,bpttp.z
21690,0,-0.0006708829314447939,0.0002411598979961127,-0.017077544704079628,0.0,0.0,0.0
21700,0,9.750555182108656e-05,0.0005005007842555642,-0.01709125190973282,0.0,0.0,0.0
21710,0,-0.001439457293599844,0.0002461181429680437,-0.017116595059633255,0.0,0.0,0.0
21720,0,-0.000683370977640152,0.00024378283706028014,-0.01707986742258072,0.0,0.0,0.0
21730,0,-0.0006867945194244385,0.00024109573860187083,-0.017089780420064926,0.0,0.0,0.0
21740,0,-0.001469457522034645,0.00024397202651016414,-0.017100133001804352,0.0,0.0,0.0
21750,0,0.00010474148439243436,0.00024129150551743805,-0.017124129459261894,0.0,0.0,0.0
21760,0,-0.001421609427779913,0.00024370633764192462,-0.017149189487099648,0.0,0.0,0.0
21770,0,-0.0006381659186445177,0.0004964282852597535,-0.017931712791323662,0.0,0.0,0.0
21780,0,-0.0016280531417578459,0.0004952147719450295,-0.01798582822084427,0.0,0.0,0.0
21790,0,-0.0016830571694299579,0.0005016346112824976,-0.01803935132920742,0.0,0.0,0.0
21800,0,-0.0003741586406249553,0.001272711786441505,-0.018103070557117462,0.0,0.0,0.0
21810,0,-0.0016667726449668407,0.00023647562193218619,-0.017296869307756424,0.0,0.0,0.0
21820,0,-0.0006409235065802932,0.00023263525508809835,-0.017309866845607758,0.0,0.0,0.0
21830,0,-0.0006325819995254278,0.0002219947928097099,-0.017316333949565887,0.0,0.0,0.0
21841,0,-0.0006256240303628147,0.00021199222828727216,-0.017322901636362076,0.0,0.0,0.0
21850,0,-0.0006189746200107038,0.00020261503232177347,-0.017329851165413857,0.0,0.0,0.0
21860,0,-0.0006115299765951931,0.00019246766169089824,-0.01719800941646099,0.0,0.0,0.0
21870,0,-0.0009149013785645366,0.00019515666645020247,-0.01719849929213524,0.0,0.0,0.0
21880,0,0.00032809862750582397,0.00019854588026646525,-0.01719778962433338,0.0,0.0,0.0
21890,0,0.00030477321706712246,0.0004963649553246796,-0.017197392880916595,0.0,0.0,0.0
21900,0,-0.0014625907642766833,0.00020872431923635304,-0.017211679369211197,0.0,0.0,0.0
21910,0,-0.0005968661280348897,0.00048771273577585816,-0.017540238797664642,0.0,0.0,0.0
21920,0,-0.0006023896276019514,-8.345450623892248e-05,-0.01755816675722599,0.0,0.0,0.0
21930,0,0.00021549939992837608,0.0001925412070704624,-0.017575185745954514,0.0,0.0,0.0
21940,0,-0.0006269881851039827,-8.009182056412101e-05,-0.01759684458374977,0.0,0.0,0.0
21950,0,-0.000883115513715893,0.00018640962662175298,-0.018177516758441925,0.0,0.0,0.0
21960,0,-0.00034321442944929004,0.0004555873165372759,-0.01822606660425663,0.0,0.0,0.0
21970,0,-0.00035201662103645504,0.00019775479449890554,-0.018275070935487747,0.0,0.0,0.0
21980,0,-0.0014035690110176802,0.00020241747552063316,-0.018325721845030785,0.0,0.0,0.0
21990,0,-0.0008987853652797639,0.00020157164544798434,-0.018377428874373436,0.0,0.0,0.0
22000,0,-0.00039743861998431385,0.0002009928139159456,-0.0178521815687418,0.0,0.0,0.0
22010,0,-0.0006439054268412292,0.00020183910964988172,-0.017868969589471817,0.0,0.0,0.0
22020,0,-0.0006474622059613466,0.00019635727221611887,-0.01788417249917984,0.0,0.0,0.0
22030,0,-0.0006519493763335049,0.0001899760973174125,-0.017897889018058777,0.0,0.0,0.0
22040,0,0.00018732983153313398,-8.80341831361875e-05,-0.017526760697364807,0.0,0.0,0.0
22050,0,-0.0003462196618784219,0.0001852684945333749,-0.01751864142715931,0.0,0.0,0.0
22060,0,-0.0006163928774185479,-7.922449003672227e-05,-0.01750621199607849,0.0,0.0,0.0
22070,0,0.00014264695346355438,0.00017673514958005399,-0.017492476850748062,0.0,0.0,0.0
22080,0,-0.001426813076250255,0.0001841318589868024,-0.017490020021796227,0.0,0.0,0.0
22090,0,-0.0006768445600755513,0.00018195058510173112,-0.018155712634325027,0.0,0.0,0.0
22100,0,-0.000683679070789367,0.00018064584583044052,-0.0181832667440176,0.0,0.0,0.0
22110,0,-0.0014560498530045152,0.00018682749941945076,-0.01820899359881878,0.0,0.0,0.0
22120,0,-0.001705343835055828,0.00045559240970760584,-0.018231457099318504,0.0,0.0,0.0
22130,0,-0.0006980130565352738,0.00044705424807034433,-0.01826619915664196,0.0,0.0,0.0
22140,0,-0.0007070877472870052,0.0004629680188372731,-0.01681181788444519,0.0,0.0,0.0
22150,0,7.396458386210725e-05,0.0001951935118995607,-0.016746630892157555,0.0,0.0,0.0
22160,0,-0.00020792549184989184,0.0001943612442119047,-0.01668473146855831,0.0,0.0,0.0
22170,0,-0.0007201674161478877,0.00019748254271689802,-0.016624223440885544,0.0,0.0,0.0
22180,0,-0.001498019671998918,0.0002004534035222605,-0.017206775024533272,0.0,0.0,0.0
22190,0,-0.0007526070112362504,0.00019960849022027105,-0.01718815416097641,0.0,0.0,0.0
22200,0,0.00025446616928093135,0.00019620664534159005,-0.01716192439198494,0.0,0.0,0.0
22210,0,0.00025023159105330706,0.00043611074215732515,-0.017136014997959137,0.0,0.0,0.0
22220,0,-0.0007578119984827936,0.00043333409121260047,-0.01712292619049549,0.0,0.0,0.0
22230,0,-0.0007723558228462934,0.0004429145192261785,-0.017054090276360512,0.0,0.0,0.0
22240,0,-0.0015388395404443145,0.00018608376558404416,-0.017029624432325363,0.0,0.0,0.0
22250,0,-0.0010412385454401374,0.00018796423682942986,-0.017012156546115875,0.0,0.0,0.0
22260,0,-0.0007764888578094542,0.00043910977547056973,-0.01699029840528965,0.0,0.0,0.0
22270,0,-0.0007747404742985964,0.00020091526675969362,-0.016966722905635834,0.0,0.0,0.0
22280,0,-0.0007906881510280073,0.00020036482601426542,-0.016032353043556213,0.0,0.0,0.0
22290,0,-4.51030682597775e-05,0.00019723059085663408,-0.015953456982970238,0.0,0.0,0.0
22300,0,-0.0015987029764801264,0.00045869944733567536,-0.01588425412774086,0.0,0.0,0.0
22310,0,-0.001666366122663021,0.0004747522179968655,-0.015805670991539955,0.0,0.0,0.0
22320,0,-0.0008404869586229324,0.00046884408220648766,-0.015405054204165936,0.0,0.0,0.0
22330,0,-0.0008585401228629053,0.00048216801951639354,-0.015308535657823086,0.0,0.0,0.0
22340,0,-0.0008781693177297711,0.0004955966724082828,-0.015213441103696823,0.0,0.0,0.0
22350,0,-0.0017287007067352533,0.00020875177870038897,-0.015117649920284748,0.0,0.0,0.0
22360,0,-0.0016864764038473368,0.00050115748308599,-0.01502447109669447,0.0,0.0,0.0
22370,0,-0.000849388015922159,0.0002233710401924327,-0.015838511288166046,0.0,0.0,0.0
22380,0,-0.0008441493264399469,-4.876746970694512e-05,-0.01579776592552662,0.0,0.0,0.0
22390,0,-2.003131521632895e-05,-4.436017479747534e-05,-0.015756433829665184,0.0,0.0,0.0
22400,0,1.3731190847465768e-05,-6.238728383323178e-05,-0.015713686123490334,0.0,0.0,0.0
22410,0,-0.0005380225484259427,0.00021849054610356688,-0.01627085916697979,0.0,0.0,0.0
22420,0,-0.0008026045979931951,0.00022015640570316464,-0.01626553386449814,0.0,0.0,0.0
22430,0,-1.0436275260872208e-05,0.000221571113797836,-0.016261324286460876,0.0,0.0,0.0
22440,0,1.4542094504577108e-05,0.00022005930077284575,-0.016256220638751984,0.0,0.0,0.0
22450,0,-0.0008242814219556749,0.00022106741380412132,-0.016256440430879593,0.0,0.0,0.0
22460,0,-0.0005422320100478828,0.00022100852220319211,-0.016586370766162872,0.0,0.0,0.0
22470,0,-0.0008034025668166578,-4.521263326751068e-05,-0.016596801578998566,0.0,0.0,0.0
22480,0,-0.0007881869678385556,0.00048601083108223975,-0.016606977209448814,0.0,0.0,0.0
22490,0,-4.842786438530311e-06,0.00048215602873824537,-0.01661672815680504,0.0,0.0,0.0
22500,0,0.00025007841759361327,0.0004783773038070649,-0.016623299568891525,0.0,0.0,0.0
22510,0,-0.0007655217777937651,0.0004824886564165354,-0.016812698915600777,0.0,0.0,0.0
22520,0,0.00023430184228345752,-2.3371710994979367e-05,-0.016832437366247177,0.0,0.0,0.0
22530,0,0.00023985971347428858,0.0007180380052886903,-0.016850603744387627,0.0,0.0,0.0
22540,0,-0.0014900480164214969,0.00023100586258806288,-0.01688264310359955,0.0,0.0,0.0
22550,0,-3.544830542523414e-05,0.00022960665228310972,-0.017391668632626534,0.0,0.0,0.0
22560,0,-8.722277925699018e-06,0.00022433861158788204,-0.01743493415415287,0.0,0.0,0.0
22570,0,-0.0007693653460592031,0.00023096697987057269,-0.017480242997407913,0.0,0.0,0.0
22580,0,-0.0007856497541069984,0.00022770935902372003,-0.017520831897854805,0.0,0.0,0.0
22590,0,0.0002680971520021558,0.00022148819698486477,-0.01756335236132145,0.0,0.0,0.0
22600,0,-0.0007723085000179708,0.00022101377544458956,-0.016513189300894737,0.0,0.0,0.0
22610,0,-0.0007883274229243398,0.00021640872000716627,-0.01649838499724865,0.0,0.0,0.0
22620,0,2.870015669032e-05,0.00021784428099635988,-0.016486624255776405,0.0,0.0,0.0
22630,0,5.7112512877210975e-05,0.00021355072385631502,-0.016473185271024704,0.0,0.0,0.0
22640,0,0.00031681370455771685,0.00021447805920615792,-0.01645832695066929,0.0,0.0,0.0
22650,0,-0.0007983813993632793,0.0002202612377004698,-0.016684221103787422,0.0,0.0,0.0
22660,0,-0.0010630631586536765,0.0002219311718363315,-0.016680579632520676,0.0,0.0,0.0
22670,0,-0.0015926066553220153,0.00022760321735404432,-0.016674678772687912,0.0,0.0,0.0
22680,0,-2.53204234468285e-05,0.0004827268421649933,-0.016687467694282532,0.0,0.0,0.0
22690,0,-0.0008112219511531293,0.00022461173648480326,-0.017231052741408348,0.0,0.0,0.0
22700,0,-0.0008308126125484705,0.00021815599757246673,-0.017255190759897232,0.0,0.0,0.0
22710,0,-0.0008292677230201662,0.0004924482782371342,-0.017278242856264114,0.0,0.0,0.0
22720,0,-0.0008467442239634693,0.000500991998706013,-0.017300408333539963,0.0,0.0,0.0
22730,0,-0.0008631304954178631,0.0005092642386443913,-0.017322741448879242,0.0,0.0,0.0
22740,0,-0.0008825610275380313,0.0005153432721272111,-0.016787026077508926,0.0,0.0,0.0
22750,0,-0.0017933646449819207,0.000207896635401994,-0.016780424863100052,0.0,0.0,0.0
22760,0,4.059515049448237e-05,0.0005079403053969145,-0.016788754612207413,0.0,0.0,0.0
22770,0,-0.0008496571099385619,0.0008031315519474447,-0.016789210960268974,0.0,0.0,0.0
22780,0,2.483052412571851e-05,0.00021755974739789963,-0.016789311543107033,0.0,0.0,0.0
22790,0,-0.0008328252006322145,0.0002276985178468749,-0.01687675714492798,0.0,0.0,0.0
22800,0,-0.0008498748065903783,0.00021681305952370167,-0.016879597678780556,0.0,0.0,0.0
22810,0,-0.0017197610577568412,0.0005131326615810394,-0.01688191294670105,0.0,0.0,0.0
22820,0,-0.0011072381166741252,0.000511480902787298,-0.016890041530132294,0.0,0.0,0.0
22830,0,0.00028907813248224556,0.00022810098016634583,-0.01693803444504738,0.0,0.0,0.0
22840,0,-0.0005705797229893506,0.00023843316012062132,-0.01694668084383011,0.0,0.0,0.0
22850,0,-0.0008394127362407744,0.0002446044818498194,-0.016950659453868866,0.0,0.0,0.0
22860,0,-0.0005561381694860756,0.00024912061053328216,-0.01695452444255352,0.0,0.0,0.0
22870,0,-0.0015863010194152594,0.00025359136634506285,-0.016959570348262787,0.0,0.0,0.0
22880,0,-0.000521101348567754,0.00025254287174902856,-0.016155023127794266,0.0,0.0,0.0
22890,0,-0.0007717648986726999,0.000252185738645494,-0.01611396111547947,0.0,0.0,0.0
22900,0,3.0237642931751907e-06,0.0002495979133527726,-0.016072453930974007,0.0,0.0,0.0
22910,0,-0.001458233455196023,0.0005018545780330896,-0.016041815280914307,0.0,0.0,0.0
22920,0,-0.0014997877879068255,0.0005089764017611742,-0.015999702736735344,0.0,0.0,0.0
22930,0,-0.00046966903028078377,0.0002485253498889506,-0.01638082228600979,0.0,0.0,0.0
22940,0,-0.0017757078167051077,0.0002554650418460369,-0.016364609822630882,0.0,0.0,0.0
22950,0,-0.0010237909154966474,0.00025521888164803386,-0.01634918712079525,0.0,0.0,0.0
22960,0,1.2146774679422379e-06,0.0002506956225261092,-0.016326507553458214,0.0,0.0,0.0
22970,0,5.3181680414127186e-05,0.0002427698636893183,-0.016174286603927612,0.0,0.0,0.0
22980,0,-0.0004899543127976358,0.00024826941080391407,-0.016146289184689522,0.0,0.0,0.0
22990,0,7.29253952158615e-06,-7.2188631747849286e-06,-0.01611263118684292,0.0,0.0,0.0
23000,0,-3.443023160798475e-06,0.0002565220929682255,-0.016082599759101868,0.0,0.0,0.0
23010,0,-9.328534360975027e-06,1.6445717847091146e-05,-0.01605253294110298,0.0,0.0,0.0
23020,0,-0.0005268167587928474,1.750084811646957e-05,-0.0151279978454113,0.0,0.0,0.0
23030,0,-5.105978561914526e-05,0.00025382591411471367,-0.015042209066450596,0.0,0.0,0.0
23040,0,-0.0005439862725324929,0.0002595307887531817,-0.014960277825593948,0.0,0.0,0.0
23050,0,-0.001474102959036827,0.0004919200437143445,-0.014878551475703716,0.0,0.0,0.0
23060,0,-0.0015253432793542743,0.0004979949444532394,-0.014798891730606556,0.0,0.0,0.0
23070,0,-0.0007712170481681824,0.0002485570148564875,-0.016174493357539177,0.0,0.0,0.0
23080,0,-0.0007731616497039795,0.00023389700800180435,-0.016180437058210373,0.0,0.0,0.0
23090,0,-1.1984109733020887e-05,0.000236254942137748,-0.01618530973792076,0.0,0.0,0.0
23100,0,-0.001598667586222291,0.00024329607549589127,-0.016204478219151497,0.0,0.0,0.0
23110,0,-9.720298839965835e-05,0.00024036098329816014,-0.016575051471590996,0.0,0.0,0.0
23120,0,-0.0006094776326790452,0.00024157989537343383,-0.016605667769908905,0.0,0.0,0.0
23130,0,-0.0001270074862986803,0.00024108847719617188,-0.01663248986005783,0.0,0.0,0.0
23140,0,-9.351519111078233e-05,0.0002351183065911755,-0.016659030690789223,0.0,0.0,0.0
23150,0,-0.0016135761979967356,0.0002471038606017828,-0.016697077080607414,0.0,0.0,0.0
23160,0,-0.0008259702008217573,0.00025008502416312695,-0.01641286350786686,0.0,0.0,0.0
23170,0,-0.0008361261570826173,0.00024721084628254175,-0.01642189361155033,0.0,0.0,0.0
23180,0,-2.0912480977131054e-05,0.00024701282382011414,-0.01643240824341774,0.0,0.0,0.0
23190,0,-0.000793049403000623,-6.478806426457595e-06,-0.01644972153007984,0.0,0.0,0.0
23200,0,-0.0007881515775807202,0.0002641718019731343,-0.01580131985247135,0.0,0.0,0.0
23210,0,-0.0007977469358593225,0.0002685550134629011,-0.01577037014067173,0.0,0.0,0.0
23220,0,2.2974512830842286e-05,0.0005322603392414749,-0.01573861762881279,0.0,0.0,0.0
23230,0,-0.0007551666349172592,0.0005285517545416951,-0.015711447224020958,0.0,0.0,0.0
23240,0,-0.0015361118130385876,0.00052232964662835,-0.015676559880375862,0.0,0.0,0.0
23250,0,-0.0010227715829387307,0.00027096481062471867,-0.016734255477786064,0.0,0.0,0.0
23260,0,-0.0015236515318974853,0.00027050942298956215,-0.016766510903835297,0.0,0.0,0.0
23270,0,0.00017573423974681646,0.00026451220037415624,-0.016810163855552673,0.0,0.0,0.0
23280,0,-0.0008366502588614821,0.00027045869501307607,-0.016855914145708084,0.0,0.0,0.0
23290,0,-0.0015435192035511136,0.0002709931577555835,-0.016888821497559547,0.0,0.0,0.0
23300,0,-0.0007954386528581381,0.0002690367982722819,-0.017439842224121094,0.0,0.0,0.0
23310,0,-9.684241376817226e-05,0.000264972128206864,-0.017504416406154633,0.0,0.0,0.0
23320,0,-0.0008239878225140274,0.00026843397063203156,-0.017576320096850395,0.0,0.0,0.0
23330,0,-0.0015294409822672606,0.0002704931830521673,-0.01763998158276081,0.0,0.0,0.0
23340,0,-0.00014525395818054676,0.00026758198509924114,-0.01739606074988842,0.0,0.0,0.0
23350,0,-0.0014920460525900126,0.0004945324035361409,-0.017448673024773598,0.0,0.0,0.0
23360,0,-0.0001374345156364143,0.00025993757299147546,-0.017504088580608368,0.0,0.0,0.0
23370,0,-0.00010191428009420633,0.0002660510945133865,-0.017549244686961174,0.0,0.0,0.0
23380,0,-9.611016139388084e-05,0.0005011543398723006,-0.017596624791622162,0.0,0.0,0.0
23390,0,-0.00033434032229706645,0.00026555013027973473,-0.016928108409047127,0.0,0.0,0.0
23400,0,-0.0007966697448864579,0.0004961286322213709,-0.016937799751758575,0.0,0.0,0.0
23410,0,-0.0007949341088533401,0.0002647396468091756,-0.016946105286478996,0.0,0.0,0.0
23420,0,-0.0007906676619313657,3.207092231605202e-05,-0.016952328383922577,0.0,0.0,0.0
23430,0,-0.00011340787750668824,0.0002542020520195365,-0.017412256449460983,0.0,0.0,0.0
23440,0,-0.00034551555290818214,0.0002525385934859514,-0.017443541437387466,0.0,0.0,0.0
23450,0,-0.0007788173970766366,0.00025031398399733007,-0.01747487485408783,0.0,0.0,0.0
23460,0,-0.0007842450286261737,0.000252896046731621,-0.017504405230283737,0.0,0.0,0.0
23470,0,-0.00147683743853122,0.00025137298507615924,-0.01753346249461174,0.0,0.0,0.0
23480,0,-0.0007831052644178271,0.0004817432491108775,-0.016887659206986427,0.0,0.0,0.0
23490,0,-0.0007794587290845811,0.0002536887186579406,-0.016882669180631638,0.0,0.0,0.0
23500,0,-0.0016845348291099072,0.0004843885835725814,-0.016875915229320526,0.0,0.0,0.0
23510,0,-0.00011267545778537169,2.794778993120417e-05,-0.01688367687165737,0.0,0.0,0.0
23520,0,-7.258910773089156e-05,1.1251786418142729e-05,-0.016872821375727654,0.0,0.0,0.0
23530,0,-0.0005506208399310708,0.00025447510415688157,-0.016918204724788666,0.0,0.0,0.0
23540,0,-9.024338214658201e-05,2.1227786419331096e-05,-0.016907034441828728,0.0,0.0,0.0
23550,0,-9.325256542069837e-05,0.00025533512234687805,-0.016897303983569145,0.0,0.0,0.0
23560,0,-0.001460585161112249,0.00025887033552862704,-0.016896473243832588,0.0,0.0,0.0
23570,0,-0.0016890140250325203,0.0002590891963336617,-0.016521865501999855,0.0,0.0,0.0
23580,0,-0.0007835591677576303,0.0002600932202767581,-0.01649695821106434,0.0,0.0,0.0
23590,0,-0.0007851972477510571,0.00025725236628204584,-0.01646415702998638,0.0,0.0,0.0
23600,0,-8.189510845113546e-05,1.848289684858173e-05,-0.016431203112006187,0.0,0.0,0.0
23610,0,-0.0007945466204546392,2.337513979000505e-05,-0.016402870416641235,0.0,0.0,0.0
23620,0,0.00013928714906796813,0.00025520060444250703,-0.0170422550290823,0.0,0.0,0.0
23630,0,0.00014033174375072122,2.5577244741725735e-05,-0.01704210788011551,0.0,0.0,0.0
23640,0,-0.0014593289233744144,0.0004893816076219082,-0.017054272815585136,0.0,0.0,0.0
23650,0,-0.0007727114716544747,0.0002596856211312115,-0.017059195786714554,0.0,0.0,0.0
23660,0,-9.483478788752109e-05,0.00025498244212940335,-0.017056690528988838,0.0,0.0,0.0
23670,0,-0.000540488341357559,0.0004814928106497973,-0.017852511256933212,0.0,0.0,0.0
23680,0,-0.0007615124923177063,0.00025904938229359686,-0.017893115058541298,0.0,0.0,0.0
23690,0,-9.175837476504967e-05,0.00025773647939786315,-0.017935290932655334,0.0,0.0,0.0
23701,0,-6.015242979628965e-05,0.00026024578255601227,-0.01797652058303356,0.0,0.0,0.0
23710,0,-6.395153468474746e-05,2.8961045245523565e-05,-0.018018081784248352,0.0,0.0,0.0
23720,0,-0.0007808185764588416,0.00026824205997399986,-0.016779450699687004,0.0,0.0,0.0
23730,0,-8.712602721061558e-05,0.0004958753124810755,-0.01675812527537346,0.0,0.0,0.0
23740,0,-8.853893086779863e-05,0.0002638032310642302,-0.016737094148993492,0.0,0.0,0.0
23750,0,-0.0007684479933232069,0.0002643484913278371,-0.01672009937465191,0.0,0.0,0.0
23760,0,-9.223583765560761e-05,0.0002600217121653259,-0.015170457772910595,0.0,0.0,0.0
23770,0,-0.0014083771966397762,0.00026469488511793315,-0.015075757168233395,0.0,0.0,0.0
23780,0,-4.3452932004584e-05,0.0002609344373922795,-0.014989260584115982,0.0,0.0,0.0
23790,0,0.00017539659165777266,0.0002586455375421792,-0.014888015575706959,0.0,0.0,0.0
23800,0,-0.0007327315397560596,0.00026468426221981645,-0.01479430217295885,0.0,0.0,0.0
23810,0,-0.000747336249332875,0.00026575816445983946,-0.015193036757409573,0.0,0.0,0.0
23820,0,-0.0007667277823202312,0.00026673797401599586,-0.015117163769900799,0.0,0.0,0.0
23830,0,-0.0007694139494560659,2.4399665562668815e-05,-0.015040526166558266,0.0,0.0,0.0
23840,0,-0.001506273983977735,2.940788726846222e-05,-0.014961601234972477,0.0,0.0,0.0
23850,0,-8.897999941837043e-05,2.506548844394274e-05,-0.017007870599627495,0.0,0.0,0.0
23860,0,-0.0008188108913600445,0.000275017402600497,-0.017061706632375717,0.0,0.0,0.0
23870,0,-0.0008384822285734117,0.00027682294603437185,-0.017112530767917633,0.0,0.0,0.0
23880,0,-0.0005758966435678303,0.0005276744486764073,-0.017163822427392006,0.0,0.0,0.0
23890,0,-0.0008179048309102654,-0.00019180966774001718,-0.01721601001918316,0.0,0.0,0.0
23900,0,-7.032006396912038e-05,0.00030973838875070214,-0.016747938469052315,0.0,0.0,0.0
23910,0,-0.00030564595363102853,7.899585762061179e-05,-0.01676715724170208,0.0,0.0,0.0
23920,0,-0.0007903397199697793,0.0005710255354642868,-0.01678721234202385,0.0,0.0,0.0
23930,0,-0.0007944253156892955,0.00034425858757458627,-0.01680581085383892,0.0,0.0,0.0
23940,0,-0.0008047879091463983,0.00035393290454521775,-0.01682179421186447,0.0,0.0,0.0
23950,0,-0.0007966301054693758,0.0005977630498819053,-0.016917342320084572,0.0,0.0,0.0
23960,0,-0.0008056654478423297,0.0006203787052072585,-0.016934311017394066,0.0,0.0,0.0
23970,0,-3.360899063409306e-05,0.0003533567942213267,-0.016950910910964012,0.0,0.0,0.0
23980,0,-0.0016254206420853734,0.0006228825077414513,-0.01697620004415512,0.0,0.0,0.0
23990,0,-0.0008661153260618448,0.0003694672486744821,-0.01654728129506111,0.0,0.0,0.0
24000,0,-9.424119343748316e-05,0.00011456273205112666,-0.016528397798538208,0.0,0.0,0.0
24010,0,-0.00010183260746998712,0.0006007181946188211,-0.01650848053395748,0.0,0.0,0.0
24020,0,-0.000865512469317764,0.0005968285840936005,-0.016491157934069633,0.0,0.0,0.0
24030,0,-0.0006294361082836986,0.00012416164099704474,-0.01646951586008072,0.0,0.0,0.0
24040,0,-0.0008764197118580341,0.0003697020001709461,-0.016229886561632156,0.0,0.0,0.0
24050,0,-0.00017678664880804718,0.0003698833752423525,-0.01619214192032814,0.0,0.0,0.0
24060,0,-0.0006565271760337055,0.0003729354648385197,-0.01615474745631218,0.0,0.0,0.0
24070,0,-0.001112931058742106,0.0003739337553270161,-0.016113797202706337,0.0,0.0,0.0
24080,0,-0.00016642276023048908,0.0003711456374730915,-0.01604349911212921,0.0,0.0,0.0
24090,0,-0.0008382104570046067,0.00037549284752458334,-0.016004953533411026,0.0,0.0,0.0
24100,0,-0.0008518017129972577,0.0003841182915493846,-0.015963390469551086,0.0,0.0,0.0
24110,0,-0.000144437508424744,0.00038122781552374363,-0.01592348702251911,0.0,0.0,0.0
24120,0,-0.001859252224676311,0.00038692864472977817,-0.01589413918554783,0.0,0.0,0.0
24130,0,-0.00021906073379795998,0.0003856008988805115,-0.017787717282772064,0.0,0.0,0.0
24140,0,-0.0009445688338018954,0.0003904194454662502,-0.01787181757390499,0.0,0.0,0.0
24150,0,-2.4954912078101188e-05,0.00038724791374988854,-0.01795514114201069,0.0,0.0,0.0
24160,0,-2.745838719420135e-05,0.00015167494711931795,-0.018036406487226486,0.0,0.0,0.0
24170,0,1.1533786164363846e-05,0.0001410108379786834,-0.018117031082510948,0.0,0.0,0.0
24180,0,-0.0007415218860842288,0.0003931680112145841,-0.017686013132333755,0.0,0.0,0.0
24190,0,-0.0007519481587223709,0.0003979239263571799,-0.017735358327627182,0.0,0.0,0.0
24200,0,-0.0010114695178344846,0.00040027793147601187,-0.01778342016041279,0.0,0.0,0.0
24210,0,-0.0010040561901405454,0.0001558817020850256,-0.017830559983849525,0.0,0.0,0.0
24220,0,1.2479918041208293e-05,0.00040318610263057053,-0.017482459545135498,0.0,0.0,0.0
24230,0,-0.0009457551059313118,0.000405002007028088,-0.017507532611489296,0.0,0.0,0.0
24240,0,3.9444952562917024e-05,0.00015347656153608114,-0.017527997493743896,0.0,0.0,0.0
24250,0,-0.0009391094790771604,0.0004022889770567417,-0.017556417733430862,0.0,0.0,0.0
24260,0,-0.00022536635515280068,0.00063450908055529,-0.01757943443953991,0.0,0.0,0.0
24270,0,-0.00022549802088178694,0.00040206214180216193,-0.016865622252225876,0.0,0.0,0.0
24280,0,-0.0002036190708167851,0.00040822295704856515,-0.016840403899550438,0.0,0.0,0.0
24290,0,-0.00018049776554107666,0.00041510589653626084,-0.016815271228551865,0.0,0.0,0.0
24300,0,-0.00096317840507254,0.0004188473103567958,-0.016793327406048775,0.0,0.0,0.0
24310,0,-0.00019150509615428746,0.0004146004794165492,-0.01677115075290203,0.0,0.0,0.0
24320,0,-0.0007068057311698794,0.0004143933765590191,-0.016397062689065933,0.0,0.0,0.0
24330,0,-0.000952081463765353,0.0004152535693719983,-0.016352038830518723,0.0,0.0,0.0
24340,0,-0.0009697583154775202,0.00042214198037981987,-0.016306929290294647,0.0,0.0,0.0
24350,0,-0.0009873496601358056,0.00042813143227249384,-0.016259875148534775,0.0,0.0,0.0
24360,0,-0.00014847803686279804,0.00042686465894803405,-0.017428899183869362,0.0,0.0,0.0
24370,0,-0.0009644736419431865,0.0004313760728109628,-0.017452506348490715,0.0,0.0,0.0
24380,0,-0.000979890814051032,0.00043682215618900955,-0.017472870647907257,0.0,0.0,0.0
24390,0,0.00014015160559210926,0.0004303639871068299,-0.017493970692157745,0.0,0.0,0.0
24400,0,-0.0009724488481879234,0.0004390602116473019,-0.0175184216350317,0.0,0.0,0.0
24410,0,-0.0017800709465518594,0.0004411080735735595,-0.018166804686188698,0.0,0.0,0.0
24420,0,-0.0009698501671664417,0.0004389695532154292,-0.01821921393275261,0.0,0.0,0.0
24430,0,-0.00018852396169677377,0.0004358869045972824,-0.01826605573296547,0.0,0.0,0.0
24440,0,-0.0009637556504458189,0.0004333115357439965,-0.018314188346266747,0.0,0.0,0.0
24450,0,-0.00019273693033028394,0.00042973991367034614,-0.018358884379267693,0.0,0.0,0.0
24460,0,-0.00020108198805246502,0.00017607629706617445,-0.017805814743041992,0.0,0.0,0.0
24470,0,4.2864889110205695e-05,0.00042807491263374686,-0.01781604439020157,0.0,0.0,0.0
24480,0,8.168810745701194e-05,0.0004322642053011805,-0.017826007679104805,0.0,0.0,0.0
24490,0,0.00012230365246068686,0.0004359160957392305,-0.01783556304872036,0.0,0.0,0.0
24500,0,0.00015758683730382472,0.0004385709180496633,-0.016657689586281776,0.0,0.0,0.0
24510,0,-0.0010080484207719564,0.00043708630255423486,-0.01660892367362976,0.0,0.0,0.0
24520,0,-0.0018400645349174738,0.0010013191495090723,-0.016551824286580086,0.0,0.0,0.0
24530,0,-0.00014618653221987188,0.0007008812972344458,-0.01651289500296116,0.0,0.0,0.0
24540,0,0.00011026922584278509,0.0006912518292665482,-0.0164559967815876,0.0,0.0,0.0
24550,0,-0.002060053637251258,0.0004266129690222442,-0.01663479395210743,0.0,0.0,0.0
24560,0,-0.0002084625157294795,0.00015519461885560304,-0.016608627513051033,0.0,0.0,0.0
24570,0,-0.00021750433370471,0.0004214693617541343,-0.016566764563322067,0.0,0.0,0.0
24580,0,-0.00175654876511544,0.0004278805572539568,-0.01653011329472065,0.0,0.0,0.0
24590,0,-0.00022223457926884294,0.0004219458787702024,-0.016503265127539635,0.0,0.0,0.0
24600,0,-0.0009826247114688158,0.00017257541185244918,-0.016247810795903206,0.0,0.0,0.0
24610,0,-0.0002375463373027742,0.0001714685931801796,-0.016193769872188568,0.0,0.0,0.0
24620,0,-0.0007303818711079657,0.0004225026350468397,-0.01613359898328781,0.0,0.0,0.0
24630,0,-0.0009739294182509184,0.0001832387933973223,-0.016075512394309044,0.0,0.0,0.0
24640,0,1.2924649126944132e-05,0.0004204370779916644,-0.016838902607560158,0.0,0.0,0.0
24650,0,-0.0004605167487170547,0.00042062532156705856,-0.016826996579766273,0.0,0.0,0.0
24660,0,-0.0009370960760861635,0.00042403925908729434,-0.016812337562441826,0.0,0.0,0.0
24670,0,-0.0016300453571602702,0.0006577529711648822,-0.016793925315141678,0.0,0.0,0.0
24680,0,-0.00020893545297440141,0.00017565779853612185,-0.016792232170701027,0.0,0.0,0.0
24690,0,-0.0008931666379794478,0.0006311896722763777,-0.016452930867671967,0.0,0.0,0.0
24700,0,-0.0009079622686840594,0.0006454501417465508,-0.01642044074833393,0.0,0.0,0.0
24710,0,-0.0009236030746251345,0.0006596810417249799,-0.016387570649385452,0.0,0.0,0.0
24720,0,-0.001963353017345071,0.0006634622113779187,-0.016352614387869835,0.0,0.0,0.0
24730,0,1.6525471437489614e-05,0.00041040757787413895,-0.01661248505115509,0.0,0.0,0.0
24740,0,-0.001013438799418509,0.00016209782916121185,-0.01660202443599701,0.0,0.0,0.0
24750,0,-0.00029389510746113956,0.0001645993470447138,-0.016587385907769203,0.0,0.0,0.0
24760,0,-0.001039794529788196,0.0004259321140125394,-0.016576558351516724,0.0,0.0,0.0
24770,0,-0.0010638076346367598,0.0004306968185119331,-0.01656216010451317,0.0,0.0,0.0
24780,0,-0.001061556744389236,0.0006904515321366489,-0.016312651336193085,0.0,0.0,0.0
24790,0,-0.0003330108302179724,0.0001976941857719794,-0.016287673264741898,0.0,0.0,0.0
24800,0,-0.0018496547127142549,0.0004528197750914842,-0.016266388818621635,0.0,0.0,0.0
24810,0,-0.0011212684912607074,0.0004497696936596185,-0.016248350962996483,0.0,0.0,0.0
24820,0,-0.00037510524271056056,0.0004507420817390084,-0.016224157065153122,0.0,0.0,0.0
24830,0,-0.0010828918311744928,0.00045492846402339637,-0.0152058657258749,0.0,0.0,0.0
24840,0,-0.000357913930201903,0.00045182861504144967,-0.015126461163163185,0.0,0.0,0.0
24850,0,-0.001725842710584402,0.00045680993935093284,-0.01505651418119669,0.0,0.0,0.0
24860,0,-0.0012355130165815353,0.0004580357053782791,-0.014985513873398304,0.0,0.0,0.0
24870,0,-0.0019000618485733867,0.0006870431243441999,-0.015390858985483646,0.0,0.0,0.0
24880,0,-3.259306322433986e-05,0.0006759693496860564,-0.015357758849859238,0.0,0.0,0.0
24890,0,-0.0009136724402196705,0.0004587602452374995,-0.015320412814617157,0.0,0.0,0.0
24900,0,-0.00022335381072480232,0.000453059037681669,-0.015270369127392769,0.0,0.0,0.0
24910,0,-0.00018188805552199483,0.0004555167688522488,-0.015220857225358486,0.0,0.0,0.0
24920,0,-0.0009071436943486333,0.0004594411002472043,-0.015528703108429909,0.0,0.0,0.0
24930,0,-0.00022014261048752815,0.0004551963647827506,-0.015499774366617203,0.0,0.0,0.0
24940,0,-0.0006967547815293074,0.00045563007006421685,-0.015475384891033173,0.0,0.0,0.0
24950,0,-0.00158733781427145,0.00045882660197094083,-0.015449083410203457,0.0,0.0,0.0
24960,0,-0.00018154866120312363,0.00045408151345327497,-0.016138335689902306,0.0,0.0,0.0
24970,0,-0.0006219723727554083,0.0006800373084843159,-0.016158010810613632,0.0,0.0,0.0
24980,0,-0.00017348640540149063,0.00044660703861154616,-0.016175635159015656,0.0,0.0,0.0
24990,0,-0.0006057870923541486,0.0006619733176194131,-0.016197768971323967,0.0,0.0,0.0
25000,0,-0.0008335874299518764,0.00020833239250350744,-0.016217485070228577,0.0,0.0,0.0
25010,0,-0.0014759980840608478,0.0006428431952372193,-0.01566588692367077,0.0,0.0,0.0
25020,0,-0.00014092637866269797,0.00041586419683881104,-0.015659809112548828,0.0,0.0,0.0
25030,0,-0.0005642501637339592,0.0004145934944972396,-0.01564907468855381,0.0,0.0,0.0
25040,0,-0.0005508192116394639,0.00041009695269167423,-0.01563524641096592,0.0,0.0,0.0
25050,0,0.00013117832713760436,0.0004056008765473962,-0.015620467253029346,0.0,0.0,0.0
25060,0,-0.0008135858806781471,0.0004069101414643228,-0.015330689959228039,0.0,0.0,0.0
25070,0,-0.0008189451182261109,0.0003958666929975152,-0.015303564257919788,0.0,0.0,0.0
25080,0,-0.0008240290335379541,0.00038386808591894805,-0.015275822952389717,0.0,0.0,0.0
25090,0,-5.66677117603831e-05,0.0003845145693048835,-0.015247688628733158,0.0,0.0,0.0
25100,0,-6.886063783895224e-05,0.00013253188808448613,-0.01557227224111557,0.0,0.0,0.0
25110,0,-0.0008019322995096445,0.0001375990832457319,-0.015571502968668938,0.0,0.0,0.0
25120,0,-0.0015470690559595823,0.0006479134899564087,-0.01556743960827589,0.0,0.0,0.0
25130,0,-0.00011810993601102382,0.00040339649422094226,-0.01558026485145092,0.0,0.0,0.0
25140,0,0.00011517920938786119,0.00015465906471945345,-0.015574534423649311,0.0,0.0,0.0
25150,0,-0.0017463606782257557,0.0006318268715403974,-0.017161810770630836,0.0,0.0,0.0
25160,0,-0.0010140900267288089,0.00038744279299862683,-0.017265411093831062,0.0,0.0,0.0
25170,0,-5.708967728423886e-05,0.00014878915681038052,-0.017363648861646652,0.0,0.0,0.0
25180,0,-0.0014412917662411928,0.00038591964403167367,-0.01747010461986065,0.0,0.0,0.0
25190,0,0.00013727806799579412,0.00038225698517635465,-0.017585307359695435,0.0,0.0,0.0
25200,0,-0.0010002899216488004,0.00039068434853106737,-0.017880497500300407,0.0,0.0,0.0
25210,0,-0.0007773229153826833,0.00038984091952443123,-0.017989106476306915,0.0,0.0,0.0
25220,0,-0.000785097770858556,0.00038373583811335266,-0.018096137791872025,0.0,0.0,0.0
25230,0,-0.0014856149209663272,0.0006245550466701388,-0.018202362582087517,0.0,0.0,0.0
25240,0,-7.78530738898553e-05,0.00038685070467181504,-0.0177337396889925,0.0,0.0,0.0
25250,0,-0.0014619099674746394,0.00039406356518156826,-0.017816659063100815,0.0,0.0,0.0
25260,0,-0.0007663746364414692,0.0003876595583278686,-0.017894607037305832,0.0,0.0,0.0
25270,0,-8.949629409471527e-05,0.00016005864017643034,-0.017965054139494896,0.0,0.0,0.0
25280,0,-0.0005493272328749299,0.0006157117313705385,-0.018039889633655548,0.0,0.0,0.0
25290,0,-0.001438467181287706,0.0006200732896104455,-0.018090566620230675,0.0,0.0,0.0
25300,0,-9.500391024630517e-05,0.00039124483009800315,-0.018162420019507408,0.0,0.0,0.0
25310,0,-0.00010388540977146477,0.00017226903582923114,-0.018226858228445053,0.0,0.0,0.0
25320,0,-0.0007607684237882495,0.00039344950346276164,-0.018298273906111717,0.0,0.0,0.0
25330,0,-0.0007625720463693142,0.00038946824497543275,-0.018365105614066124,0.0,0.0,0.0
25340,0,-0.0007712171063758433,0.00038307029171846807,-0.01737012341618538,0.0,0.0,0.0
25350,0,-0.0007750182412564754,0.00037541790516115725,-0.017380893230438232,0.0,0.0,0.0
25360,0,-0.0007796181598678231,0.0003666122502181679,-0.017389796674251556,0.0,0.0,0.0
25370,0,3.84799532184843e-05,0.0006354502402245998,-0.0173999834805727,0.0,0.0,0.0
25380,0,-0.0007908336701802909,0.0006341148400679231,-0.016389314085245132,0.0,0.0,0.0
25390,0,0.00027490308275446296,0.0006292848847806454,-0.0163471270352602,0.0,0.0,0.0
25400,0,0.0002591992379166186,0.00036821019602939487,-0.016303284093737602,0.0,0.0,0.0
25410,0,-0.0015552770346403122,0.00011915860523004085,-0.016269845888018608,0.0,0.0,0.0
25420,0,0.00022379514120984823,0.00037199302460066974,-0.016242390498518944,0.0,0.0,0.0
25430,0,-0.0007815060089342296,0.0006344620487652719,-0.01735278218984604,0.0,0.0,0.0
25440,0,-0.0007793856784701347,0.00038523011608049273,-0.017366716638207436,0.0,0.0,0.0
25450,0,-0.0015257158083841205,0.00038932892493903637,-0.017377963289618492,0.0,0.0,0.0
25460,0,-0.0010308566270396113,0.00038823418435640633,-0.017395248636603355,0.0,0.0,0.0
25470,0,-4.628059468814172e-05,0.00013854038843419403,-0.0174123402684927,0.0,0.0,0.0
25480,0,-0.00052976468577981,0.00038225980824790895,-0.016826467588543892,0.0,0.0,0.0
25490,0,0.00018190509581472725,0.00038113133632577956,-0.016809914261102676,0.0,0.0,0.0
25500,0,-0.0016834783600643277,0.0006222298834472895,-0.016807744279503822,0.0,0.0,0.0
25510,0,-4.905049718217924e-05,0.00038173372740857303,-0.016811534762382507,0.0,0.0,0.0
25520,0,-0.0014545379672199488,0.0006223301752470434,-0.01606069505214691,0.0,0.0,0.0
25530,0,-7.272392394952476e-05,-7.144858682295308e-05,-0.016020098701119423,0.0,0.0,0.0
25540,0,-0.0014494474744424224,0.0003930790117010474,-0.015983421355485916,0.0,0.0,0.0
25550,0,-8.543063449906185e-05,0.00038438435876742005,-0.015948595479130745,0.0,0.0,0.0
25560,0,-5.3015173762105405e-05,0.0003728959709405899,-0.015904344618320465,0.0,0.0,0.0
25570,0,-0.00076510343933478,0.00037505856016650796,-0.015081171877682209,0.0,0.0,0.0
25580,0,-0.0007712517981417477,0.00036461278796195984,-0.01499834842979908,0.0,0.0,0.0
25590,0,-0.0007751944940537214,0.00035571109037846327,-0.014915695413947105,0.0,0.0,0.0
25600,0,-0.0015767425065860152,0.0003623953671194613,-0.014833354391157627,0.0,0.0,0.0
25610,0,-0.0007977267378009856,0.0003626132383942604,-0.0147579126060009,0.0,0.0,0.0
25620,0,-0.0007987734861671925,0.0003611371503211558,-0.015207781456410885,0.0,0.0,0.0
25630,0,-7.312846719287336e-06,0.0003575650043785572,-0.015155576169490814,0.0,0.0,0.0
25640,0,-0.0008417441276833415,8.81991145433858e-05,-0.015110441483557224,0.0,0.0,0.0
25650,0,-6.019678039592691e-05,0.00034929742105305195,-0.01505994237959385,0.0,0.0,0.0
25660,0,-0.0008565940079279244,8.848600555211306e-05,-0.015013943426311016,0.0,0.0,0.0
25670,0,-0.0016064755618572235,0.00034800972207449377,-0.015393679030239582,0.0,0.0,0.0
25680,0,-0.0008184826583601534,8.212585817091167e-05,-0.015369552187621593,0.0,0.0,0.0
25690,0,-9.460602450417355e-05,8.29717464512214e-05,-0.015340390615165234,0.0,0.0,0.0
25700,0,-0.0008636430138722062,9.110430983128026e-05,-0.015316860750317574,0.0,0.0,0.0
25710,0,-0.0008567622862756252,0.0005672828992828727,-0.015164666809141636,0.0,0.0,0.0
25720,0,-0.00011679601448122412,0.0003174595476593822,-0.015130210667848587,0.0,0.0,0.0
25730,0,-8.455381612293422e-05,0.00031743544968776405,-0.015094337053596973,0.0,0.0,0.0
25740,0,-0.00010239968833047897,6.0744940128643066e-05,-0.015059043653309345,0.0,0.0,0.0
25750,0,-0.0005914160865359008,0.00030862868879921734,-0.015026881359517574,0.0,0.0,0.0
25760,0,-0.0008317972533404827,0.00030827242881059647,-0.015418028458952904,0.0,0.0,0.0
25770,0,-0.0015351951587945223,0.0005472021293826401,-0.015404735691845417,0.0,0.0,0.0
25780,0,-0.0007932268781587481,0.0002924951259046793,-0.015402424149215221,0.0,0.0,0.0
25790,0,-0.0008096860256046057,0.00028842780739068985,-0.015391656197607517,0.0,0.0,0.0
25800,0,-3.56044911313802e-05,0.0002830413286574185,-0.015382236801087856,0.0,0.0,0.0
25810,0,-0.0015021562576293945,0.00028871529502794147,-0.016134466975927353,0.0,0.0,0.0
25820,0,-0.0007337646093219519,0.0005380979855544865,-0.01617572270333767,0.0,0.0,0.0
25830,0,-0.0007392594125121832,0.00030184080242179334,-0.016210634261369705,0.0,0.0,0.0
25840,0,-1.022648939397186e-05,0.00030222508939914405,-0.016246503219008446,0.0,0.0,0.0
25850,0,-0.0007050300482660532,0.0003027401689905673,-0.01617535762488842,0.0,0.0,0.0
25860,0,-0.000708804524037987,0.0005462265107780695,-0.01620371639728546,0.0,0.0,0.0
25870,0,-0.0013818413717672229,0.00032129217288456857,-0.016230573877692223,0.0,0.0,0.0
25880,0,-0.0014340437483042479,0.00031947222305461764,-0.016257647424936295,0.0,0.0,0.0
25890,0,0.0002579109859652817,7.10236927261576e-05,-0.016302550211548805,0.0,0.0,0.0
25900,0,-0.0007541663362644613,0.0003228628484066576,-0.01571819931268692,0.0,0.0,0.0
25910,0,-4.705000901594758e-05,8.860963862389326e-05,-0.015711136162281036,0.0,0.0,0.0
25920,0,-0.0015134073328226805,0.0005772608565166593,-0.015715165063738823,0.0,0.0,0.0
25930,0,-0.0001227085303980857,0.0005724602960981429,-0.015724588185548782,0.0,0.0,0.0
25940,0,-0.00013002869673073292,0.00033252290450036526,-0.015385906212031841,0.0,0.0,0.0
25950,0,-0.00010256773384753615,0.00033170945243909955,-0.015356389805674553,0.0,0.0,0.0
25960,0,0.00014048541197553277,8.397424244321883e-05,-0.015325000509619713,0.0,0.0,0.0
25970,0,-0.0017578192055225372,0.00032834100420586765,-0.015310913324356079,0.0,0.0,0.0
25980,0,0.00021388745517469943,7.676573295611888e-05,-0.015314901247620583,0.0,0.0,0.0
25990,0,-0.0007080057403072715,0.0005507353926077485,-0.01700015924870968,0.0,0.0,0.0
26000,0,-0.0004723528982140124,0.0005471996846608818,-0.0170742254704237,0.0,0.0,0.0
26010,0,-1.5907837223494425e-05,8.962572610471398e-05,-0.017147790640592575,0.0,0.0,0.0
26020,0,-1.8535803974373266e-05,0.00032856929465197027,-0.017220569774508476,0.0,0.0,0.0
26030,0,0.00020375463645905256,0.00032980061951093376,-0.017289357259869576,0.0,0.0,0.0
26040,0,-0.0005085995653644204,0.0003326818405184895,-0.015780501067638397,0.0,0.0,0.0
26050,0,-6.670040602330118e-05,0.00010942717199213803,-0.01575467176735401,0.0,0.0,0.0
26060,0,-4.13700909120962e-05,0.00010074688907479867,-0.015726525336503983,0.0,0.0,0.0
26070,0,-4.545069532468915e-05,0.0003363297728355974,-0.015697138383984566,0.0,0.0,0.0
26080,0,-0.0014984692679718137,0.0003401919675525278,-0.016722001135349274,0.0,0.0,0.0
26090,0,0.00018780719256028533,0.0003338691603858024,-0.016778597608208656,0.0,0.0,0.0
26100,0,0.0002254954888485372,0.00033764075487852097,-0.01681477203965187,0.0,0.0,0.0
26110,0,-0.0014795748284086585,0.00034252754994668067,-0.01686476543545723,0.0,0.0,0.0
26120,0,-0.0007373975240625441,0.00033712698495946825,-0.016914622858166695,0.0,0.0,0.0
26130,0,-0.0007274995441548526,0.0005755560705438256,-0.017942480742931366,0.0,0.0,0.0
26140,0,-0.0007201063563115895,0.00033794454066082835,-0.018038805574178696,0.0,0.0,0.0
26150,0,-0.0007420788751915097,0.0003420549910515547,-0.018135670572519302,0.0,0.0,0.0
26160,0,0.0002574291720520705,0.0005869868909940124,-0.018236158415675163,0.0,0.0,0.0
26170,0,-0.0007334720576182008,0.00033872449421323836,-0.01728680543601513,0.0,0.0,0.0
26180,0,3.0700139177497476e-06,0.0003358512185513973,-0.01732352375984192,0.0,0.0,0.0
26190,0,0.0002404830593150109,0.0003349807520862669,-0.017358409240841866,0.0,0.0,0.0
26200,0,-0.0014289796818047762,0.00033645296934992075,-0.017405610531568527,0.0,0.0,0.0
26210,0,-1.2511273780546617e-05,9.51297624851577e-05,-0.017462216317653656,0.0,0.0,0.0
26220,0,-0.0002605983172543347,9.091234824154526e-05,-0.015530676580965519,0.0,0.0,0.0
26230,0,-3.942522016586736e-05,0.00032570440089330077,-0.015460444614291191,0.0,0.0,0.0
26240,0,-0.00072863744571805,0.0003277581708971411,-0.015392052009701729,0.0,0.0,0.0
26250,0,-0.0016390495002269745,0.0005581834702752531,-0.015318909659981728,0.0,0.0,0.0
26260,0,0.00018450857896823436,0.0005523656727746129,-0.015279033221304417,0.0,0.0,0.0
26270,0,-0.0007170310127548873,0.0003303334815427661,-0.015541719272732735,0.0,0.0,0.0
26280,0,-4.051802898175083e-05,0.00010261042916681617,-0.01549848448485136,0.0,0.0,0.0
26290,0,-0.0013687115861102939,0.00033158925361931324,-0.015463040210306644,0.0,0.0,0.0
26300,0,-0.0007018680335022509,0.0003274812188465148,-0.015432026237249374,0.0,0.0,0.0
26310,0,-0.0015718493377789855,0.00011145441385451704,-0.016464639455080032,0.0,0.0,0.0
26320,0,-3.69192857760936e-05,0.0003235602634958923,-0.016496116295456886,0.0,0.0,0.0
26330,0,-0.0006937541766092181,0.00032589599140919745,-0.01651633344590664,0.0,0.0,0.0
26340,0,-5.45336733921431e-05,0.0003239245561417192,-0.016534198075532913,0.0,0.0,0.0
26350,0,-5.80262640141882e-05,0.0005399772198870778,-0.01655030995607376,0.0,0.0,0.0
26360,0,-0.0007010663393884897,0.0005416303756646812,-0.01676000840961933,0.0,0.0,0.0
26370,0,-0.0013423224445432425,0.00054487946908921,-0.016782576218247414,0.0,0.0,0.0
26380,0,-0.0009230745490640402,0.0003323926357552409,-0.016810890287160873,0.0,0.0,0.0
26390,0,-6.439443677663803e-05,0.0003278841613791883,-0.01683804579079151,0.0,0.0,0.0
26400,0,-0.0013259839033707976,0.0003317679511383176,-0.017333637923002243,0.0,0.0,0.0
26410,0,-0.0006816436653025448,0.0009647746337577701,-0.017384542152285576,0.0,0.0,0.0
26420,0,-0.0015146142104640603,0.0003445498296059668,-0.017432957887649536,0.0,0.0,0.0
26430,0,-0.0006717960932292044,0.00034101904020644724,-0.017484376206994057,0.0,0.0,0.0
26440,0,-0.0006792642525397241,0.00033985753543674946,-0.017525939270853996,0.0,0.0,0.0
26450,0,-0.0006868216441944242,0.00033917120890691876,-0.017761141061782837,0.0,0.0,0.0
26460,0,1.9572766177589074e-05,0.00033683588844724,-0.01781880296766758,0.0,0.0,0.0
26470,0,-0.0006845296011306345,0.0003385735326446593,-0.017876936122775078,0.0,0.0,0.0
26480,0,-0.0006964708445593715,0.0003345897712279111,-0.017930837348103523,0.0,0.0,0.0
26490,0,-0.0006926895002834499,9.533422417007387e-05,-0.017984893172979355,0.0,0.0,0.0
26500,0,-0.0006983795901760459,0.00033842981792986393,-0.016337912529706955,0.0,0.0,0.0
26510,0,-0.0014047474833205342,0.0005799782811664045,-0.016304438933730125,0.0,0.0,0.0
26520,0,-0.0006751929176971316,9.562916966388002e-05,-0.01627945713698864,0.0,0.0,0.0
26530,0,2.100697747664526e-05,9.76129449554719e-05,-0.0162483099848032,0.0,0.0,0.0
26540,0,-0.0006879158318042755,9.992040577344596e-05,-0.016222475096583366,0.0,0.0,0.0
26550,0,-0.000681244011502713,0.0012390597257763147,-0.016094248741865158,0.0,0.0,0.0
26560,0,1.9105027604382485e-05,0.00029473245376721025,-0.016063785180449486,0.0,0.0,0.0
26570,0,-0.0004265728930477053,6.947270594537258e-05,-0.016027241945266724,0.0,0.0,0.0
26580,0,-0.0013554816832765937,0.00030714471358805895,-0.015991857275366783,0.0,0.0,0.0
26590,0,-0.0014070655452087522,0.00030376913491636515,-0.016394399106502533,0.0,0.0,0.0
26600,0,-0.0006597021128982306,0.0005454200436361134,-0.016386693343520164,0.0,0.0,0.0
26610,0,-0.001353703555651009,0.0005442348774522543,-0.01637374237179756,0.0,0.0,0.0
26620,0,0.00032464301330037415,0.000299197796266526,-0.016374845057725906,0.0,0.0,0.0
26630,0,0.00037942544440738857,0.00029015180189162493,-0.01636546105146408,0.0,0.0,0.0
26640,0,-0.0006313474150374532,0.00030004041036590934,-0.017060300335288048,0.0,0.0,0.0
26650,0,-0.0006405101157724857,0.00029070465825498104,-0.017089921981096268,0.0,0.0,0.0
26660,0,-0.0006482478929683566,0.0002783586678560823,-0.017120279371738434,0.0,0.0,0.0
26670,0,-0.0014467453584074974,0.000282864406472072,-0.017152298241853714,0.0,0.0,0.0
26680,0,0.00021915156685281545,0.00028239365201443434,-0.01720144785940647,0.0,0.0,0.0
26690,0,-0.0005769965937361121,0.0002898623642977327,-0.015785153955221176,0.0,0.0,0.0
26700,0,0.00022789250942878425,0.0002884365676436573,-0.01573209837079048,0.0,0.0,0.0
26710,0,-0.0005425968556664884,3.668589124572463e-05,-0.0156866367906332,0.0,0.0,0.0
26720,0,0.00022985752730164677,0.00030022786813788116,-0.015638478100299835,0.0,0.0,0.0
26730,0,-0.0005029280437156558,0.00030422682175412774,-0.016672248020768166,0.0,0.0,0.0
26740,0,-0.0005133068771101534,0.0002968749904539436,-0.016692837700247765,0.0,0.0,0.0
26750,0,-0.001281518256291747,0.0003020513686351478,-0.016713228076696396,0.0,0.0,0.0
26760,0,0.0003248122811783105,3.0088271159911528e-05,-0.01675078086555004,0.0,0.0,0.0
26770,0,0.0005705694784410298,0.00028244275017641485,-0.01677444390952587,0.0,0.0,0.0
26780,0,-0.00048764815437607467,0.0002886108122766018,-0.015088827349245548,0.0,0.0,0.0
26790,0,0.00024662204668857157,4.36829577665776e-05,-0.015011439099907875,0.0,0.0,0.0
26800,0,-0.0012641899520531297,0.0003049675724469125,-0.014943704009056091,0.0,0.0,0.0
26810,0,-0.0005492802010849118,0.0003050453378818929,-0.01487547904253006,0.0,0.0,0.0
26820,0,0.00018888351041823626,0.00030262398649938405,-0.014801799319684505,0.0,0.0,0.0
26830,0,-0.0002793745370581746,0.0003074872074648738,-0.014343667775392532,0.0,0.0,0.0
26840,0,0.0002049625909421593,6.160555494716391e-05,-0.014243064448237419,0.0,0.0,0.0
26850,0,-0.0013955829199403524,0.0003022110613528639,-0.014151452109217644,0.0,0.0,0.0
26860,0,0.0002669040113687515,-0.00017977521929424256,-0.014079325832426548,0.0,0.0,0.0
26870,0,-0.0012901615118607879,0.0002770186692941934,-0.015789760276675224,0.0,0.0,0.0
26880,0,-0.00035506405401974916,3.873906098306179e-05,-0.015810174867510796,0.0,0.0,0.0
26890,0,0.00031101942295208573,3.874223693856038e-05,-0.01581905223429203,0.0,0.0,0.0
26900,0,-0.0003797301324084401,0.00027218370814807713,-0.01583460532128811,0.0,0.0,0.0
26910,0,0.0004993259790353477,0.0002674749121069908,-0.01584080047905445,0.0,0.0,0.0
26920,0,-0.00040720400284044445,0.00026839657220989466,-0.016891244798898697,0.0,0.0,0.0
26930,0,-0.00041309770313091576,0.0002700075856409967,-0.01695939153432846,0.0,0.0,0.0
26940,0,0.00030496687395498157,3.0255232559284195e-05,-0.01702967844903469,0.0,0.0,0.0
26950,0,0.0005289219552651048,2.9383667424554005e-05,-0.017098739743232727,0.0,0.0,0.0
26960,0,-0.0011254443088546395,0.0005113568040542305,-0.01802624575793743,0.0,0.0,0.0
26970,0,0.0005118884728290141,0.0002678506716620177,-0.018168775364756584,0.0,0.0,0.0
26980,0,-0.001304709236137569,0.0002746173704508692,-0.018313955515623093,0.0,0.0,0.0
26990,0,-0.00041940994560718536,0.00027277274057269096,-0.018456419929862022,0.0,0.0,0.0
27000,0,0.000249693141086027,0.0004947580164298415,-0.018584562465548515,0.0,0.0,0.0
27010,0,-0.00019465915102045983,0.00027234613662585616,-0.01798483170568943,0.0,0.0,0.0
27020,0,0.00024987937649711967,0.0002650459937285632,-0.018065396696329117,0.0,0.0,0.0
27030,0,-0.0001732913515297696,5.127257827552967e-05,-0.018149258568882942,0.0,0.0,0.0
27040,0,-0.0010384818306192756,0.00027223065262660384,-0.018231023102998734,0.0,0.0,0.0
27050,0,-0.0003874337999150157,0.00027251229039393365,-0.018321385607123375,0.0,0.0,0.0
27060,0,-0.00040252809412777424,0.0002716829185374081,-0.01682356186211109,0.0,0.0,0.0
27070,0,0.0002819242363329977,4.597030783770606e-05,-0.01681487075984478,0.0,0.0,0.0
27080,0,-0.00016771192895248532,0.00027485110331326723,-0.016810351982712746,0.0,0.0,0.0
27090,0,0.000503030838444829,4.797336077899672e-05,-0.016800737008452415,0.0,0.0,0.0
27100,0,0.0004947219858877361,0.00027621930348686874,-0.01643306016921997,0.0,0.0,0.0
27110,0,0.000495835323818028,5.351277650333941e-05,-0.016406266018748283,0.0,0.0,0.0
27120,0,-0.001064617303200066,0.00028095184825360775,-0.016390517354011536,0.0,0.0,0.0
27130,0,0.00025720687699504197,0.00027762417448684573,-0.016377178952097893,0.0,0.0,0.0
27140,0,0.000289890740532428,0.0002804274554364383,-0.016349397599697113,0.0,0.0,0.0
27150,0,-0.00017959850083570927,0.00028032338013872504,-0.016621723771095276,0.0,0.0,0.0
27160,0,-0.0004051924042869359,0.0005111392820253968,-0.016607973724603653,0.0,0.0,0.0
27170,0,-0.00040283220005221665,0.0002811967860907316,-0.016595076769590378,0.0,0.0,0.0
27180,0,0.0002754127490334213,0.0002799177309498191,-0.016583694145083427,0.0,0.0,0.0
27190,0,0.0003025729674845934,0.00027824827702715993,-0.016571393236517906,0.0,0.0,0.0
27200,0,-0.00017179838323500007,0.0002810622099786997,-0.016756918281316757,0.0,0.0,0.0
27210,0,-0.00016739871352910995,4.2627230868674815e-05,-0.016755810007452965,0.0,0.0,0.0
27220,0,0.00031038225279189646,0.00027450788184069097,-0.016756555065512657,0.0,0.0,0.0
27230,0,0.0005463362322188914,4.364743290352635e-05,-0.016755659133195877,0.0,0.0,0.0
27240,0,-0.0006125860963948071,0.0002783072122838348,-0.016018694266676903,0.0,0.0,0.0
27250,0,-0.00014363171067088842,0.0002770342689473182,-0.015982788056135178,0.0,0.0,0.0
27260,0,-0.0003691313904710114,0.0002789304417092353,-0.01594454236328602,0.0,0.0,0.0
27270,0,-0.0003835360985249281,0.0002785889955703169,-0.01590503379702568,0.0,0.0,0.0
27280,0,0.00033396179787814617,3.3420987165300176e-05,-0.015865955501794815,0.0,0.0,0.0
27290,0,-0.00014365259266924113,0.00027619110187515616,-0.01588374562561512,0.0,0.0,0.0
27300,0,0.0003137608291581273,3.9570804801769555e-05,-0.01584343984723091,0.0,0.0,0.0
27310,0,0.0003107378142885864,0.00028053190908394754,-0.015802593901753426,0.0,0.0,0.0
27320,0,-0.00038672424852848053,0.0002832260215654969,-0.015764739364385605,0.0,0.0,0.0
27330,0,-0.0001543307735119015,0.00028018539887852967,-0.015725083649158478,0.0,0.0,0.0
27341,0,-0.00015389814507216215,5.462997069116682e-05,-0.01623898185789585,0.0,0.0,0.0
27350,0,0.0003063567855861038,0.0002788390265777707,-0.016227608546614647,0.0,0.0,0.0
27360,0,-0.00037322979187592864,0.0002814547624439001,-0.016217639669775963,0.0,0.0,0.0
27370,0,0.00030671851709485054,0.00027603298076428473,-0.016206825152039528,0.0,0.0,0.0
27380,0,-0.00013133867469150573,5.7159122661687434e-05,-0.018187928944826126,0.0,0.0,0.0
27390,0,-0.00013084930833429098,0.00028265747823752463,-0.01828170195221901,0.0,0.0,0.0
27400,0,0.00031550097628496587,5.6587632570881397e-05,-0.018375154584646225,0.0,0.0,0.0
27410,0,0.00031550097628496587,5.6587632570881397e-05,-0.018375154584646225,0.0,0.0,0.0
27420,0,0.0003284266567789018,0.00028126148390583694,-0.018562981858849525,0.0,0.0,0.0
27430,0,-0.00012754433555528522,0.0002811073500197381,-0.01756281964480877,0.0,0.0,0.0
27440,0,-0.0010565605480223894,0.0005203642067499459,-0.017641637474298477,0.0,0.0,0.0
27450,0,-0.000574920850340277,0.00029386195819824934,-0.01764685846865177,0.0,0.0,0.0
27460,0,-0.0012880860595032573,0.00029912751051597297,-0.017722006887197495,0.0,0.0,0.0
27470,0,-0.00040310280746780336,0.0002923595893662423,-0.01777217909693718,0.0,0.0,0.0
27480,0,-0.00042455029324628413,0.00029284440097399056,-0.017050663009285927,0.0,0.0,0.0
27490,0,-0.0004448555991984904,0.0002955094678327441,-0.01704750955104828,0.0,0.0,0.0
27500,0,0.0003245398693252355,3.845485480269417e-05,-0.01704389601945877,0.0,0.0,0.0
27510,0,0.0003493752155918628,2.4808468879200518e-05,-0.017035899683833122,0.0,0.0,0.0
27520,0,-0.0012623536167666316,0.0003045814228244126,-0.01784508116543293,0.0,0.0,0.0
27530,0,-0.0007455615559592843,5.2815255912719294e-05,-0.017887065187096596,0.0,0.0,0.0
27540,0,-0.0007394428248517215,0.00031290107290260494,-0.017925268039107323,0.0,0.0,0.0
27550,0,-0.00123012310359627,0.0005617025308310986,-0.017959775403141975,0.0,0.0,0.0
27560,0,0.0002982450823765248,0.00029821894713677466,-0.018011756241321564,0.0,0.0,0.0
27570,0,-0.0004360114107839763,5.919918112340383e-05,-0.015834501013159752,0.0,0.0,0.0
27580,0,-0.0011800406500697136,0.0003149903495796025,-0.015742415562272072,0.0,0.0,0.0
27590,0,-0.0004711741057690233,7.877775351516902e-05,-0.015656020492315292,0.0,0.0,0.0
27600,0,0.0002593743847683072,7.545429980382323e-05,-0.015566600486636162,0.0,0.0,0.0
27610,0,-0.0011312913848087192,8.07091491878964e-05,-0.015494891442358494,0.0,0.0,0.0
27620,0,-0.0006522658513858914,0.0003246427222620696,-0.01565118320286274,0.0,0.0,0.0
27630,0,-0.001103600487112999,0.0005532276118174195,-0.015581633895635605,0.0,0.0,0.0
27640,0,-0.00039147029747255147,0.00031541509088128805,-0.015519298613071442,0.0,0.0,0.0
27650,0,0.00028338434640318155,0.00031557638430967927,-0.015448527410626411,0.0,0.0,0.0
27660,0,-0.0004153437039349228,0.0003205043904017657,-0.016081441193819046,0.0,0.0,0.0
27670,0,0.00024473865050822496,0.0003153748402837664,-0.016054442152380943,0.0,0.0,0.0
27680,0,0.0002812625025399029,0.00031672866316512227,-0.016027173027396202,0.0,0.0,0.0
27690,0,0.00027892205980606377,8.17485197330825e-05,-0.01599927619099617,0.0,0.0,0.0
27700,0,0.00031271789339371026,6.786615267628804e-05,-0.015970587730407715,0.0,0.0,0.0
27710,0,-0.0001820176257751882,0.00031971948919817805,-0.016911117359995842,0.0,0.0,0.0
27720,0,0.000323603831930086,6.397839752025902e-05,-0.016939615830779076,0.0,0.0,0.0
27730,0,-0.0001523354439996183,7.124825060600415e-05,-0.016971562057733536,0.0,0.0,0.0
27740,0,-0.00039435297367163,7.573357288492844e-05,-0.017000295221805573,0.0,0.0,0.0
27750,0,-0.00040227509452961385,0.0005490269977599382,-0.01611459255218506,0.0,0.0,0.0
27760,0,-0.00041856098687276244,0.0005681758630089462,-0.016086576506495476,0.0,0.0,0.0
27770,0,-0.001165209454484284,0.0005716225132346153,-0.016056330874562263,0.0,0.0,0.0
27780,0,0.00038585448055528104,0.0005596155533567071,-0.016046572476625443,0.0,0.0,0.0
27790,0,0.0003808649198617786,0.0003167330287396908,-0.016020268201828003,0.0,0.0,0.0
27800,0,-0.00013198997476138175,0.0005664962227456272,-0.015504286624491215,0.0,0.0,0.0
27810,0,0.00034551360295154154,0.0003276640782132745,-0.015446744859218597,0.0,0.0,0.0
27820,0,0.00037200262886472046,0.0003227398847229779,-0.015389475971460342,0.0,0.0,0.0
27830,0,-0.00037808509659953415,0.00032755776192061603,-0.015338697470724583,0.0,0.0,0.0
27840,0,-0.0011380828218534589,0.0005934088840149343,-0.015613476745784283,0.0,0.0,0.0
27850,0,-0.0006468770443461835,0.0005926620797254145,-0.015583879314363003,0.0,0.0,0.0
27860,0,-0.0006374330259859562,0.0003407603071536869,-0.015549908392131329,0.0,0.0,0.0
27870,0,0.0005502967396751046,0.0003332540800329298,-0.015519095584750175,0.0,0.0,0.0
27880,0,-0.0004438420000951737,0.00034027942456305027,-0.01549595594406128,0.0,0.0,0.0
27890,0,-0.00046165724052116275,0.00034095949376933277,-0.016155268996953964,0.0,0.0,0.0
27900,0,-0.0014806461986154318,0.0003417206753510982,-0.016158729791641235,0.0,0.0,0.0
27910,0,-0.0004935766337439418,0.0003381380520295352,-0.01617775671184063,0.0,0.0,0.0
27920,0,-0.0014859037473797798,0.0005964115844108164,-0.01618117094039917,0.0,0.0,0.0
27930,0,-0.0014859037473797798,0.0005964115844108164,-0.01618117094039917,0.0,0.0,0.0
27940,0,-0.0004887112881988287,0.0003305878199171275,-0.0146786505356431,0.0,0.0,0.0
27950,0,-0.0004887112881988287,0.0003305878199171275,-0.0146786505356431,0.0,0.0,0.0
27960,0,-0.000506197742652148,0.0003304569108877331,-0.014521720819175243,0.0,0.0,0.0
27970,0,-0.000506197742652148,0.0003304569108877331,-0.014521720819175243,0.0,0.0,0.0
27980,0,-0.0007454801234416664,0.0003329267492517829,-0.014437716454267502,0.0,0.0,0.0
27990,0,-0.000489769212435931,0.00033700745552778244,-0.015970982611179352,0.0,0.0,0.0
28000,0,-0.0005039159441366792,0.0003373257350176573,-0.015982735902071,0.0,0.0,0.0
28010,0,-0.0005175377009436488,0.00033900231937877834,-0.015995541587471962,0.0,0.0,0.0
28020,0,0.0002940339036285877,6.403539009625092e-05,-0.01600806601345539,0.0,0.0,0.0
28030,0,0.00033216868177987635,5.219722515903413e-05,-0.016898341476917267,0.0,0.0,0.0
28040,0,-0.0005220263847149909,0.000624427106231451,-0.01696753315627575,0.0,0.0,0.0
28050,0,0.0003226112457923591,5.518063699128106e-05,-0.017034534364938736,0.0,0.0,0.0
28060,0,-0.0004779146984219551,0.000328030320815742,-0.017118819057941437,0.0,0.0,0.0
28070,0,-0.0004890377749688923,0.0003333502390887588,-0.01718566194176674,0.0,0.0,0.0
28080,0,0.0005626895581372082,5.6901833886513487e-05,-0.016255896538496017,0.0,0.0,0.0
28090,0,-0.0004894845187664032,0.00032185716554522514,-0.016276320442557335,0.0,0.0,0.0
28100,0,-0.0012620995985344052,0.00032654014648869634,-0.016287747770547867,0.0,0.0,0.0
28110,0,-0.0004912253352813423,0.00032578312675468624,-0.01630502939224243,0.0,0.0,0.0
28120,0,-0.0014940242981538177,7.28304439689964e-05,-0.016314364969730377,0.0,0.0,0.0
28130,0,-0.0007418236928060651,0.0003208784619346261,-0.017056908458471298,0.0,0.0,0.0
28140,0,-0.00024637242313474417,0.00031775387469679117,-0.01710563153028488,0.0,0.0,0.0
28150,0,-0.0012278738431632519,0.0005678749294020236,-0.017155993729829788,0.0,0.0,0.0
28160,0,-0.0004984712577424943,0.0005657041911035776,-0.017208386212587357,0.0,0.0,0.0
28170,0,-0.0004961712402291596,0.000320402265060693,-0.017148977145552635,0.0,0.0,0.0
28180,0,-0.0005002322723157704,0.00032129933242686093,-0.017186667770147324,0.0,0.0,0.0
28190,0,-0.0012458417331799865,0.00032153583015315235,-0.017223108559846878,0.0,0.0,0.0
28200,0,-0.0004999898956157267,0.0003184643865097314,-0.017262300476431847,0.0,0.0,0.0
28210,0,-0.0005016649374738336,0.00031834529363550246,-0.017295699566602707,0.0,0.0,0.0
28220,0,-0.0005018682568334043,0.0005740709020756185,-0.017191972583532333,0.0,0.0,0.0
28230,0,0.00026788029936142266,0.00031860554008744657,-0.017217397689819336,0.0,0.0,0.0
28240,0,-0.00048435552162118256,0.00032422615913674235,-0.01724866032600403,0.0,0.0,0.0
28250,0,-0.0004867688985541463,0.00031744581065140665,-0.017274044454097748,0.0,0.0,0.0
28260,0,-0.0004890720592811704,0.0003103276831097901,-0.017299890518188477,0.0,0.0,0.0
28270,0,-0.00048449786845594645,0.00031773446244187653,-0.01638144627213478,0.0,0.0,0.0
28280,0,-0.0012411519419401884,0.00032113652559928596,-0.01635913923382759,0.0,0.0,0.0
28290,0,-0.000734604021999985,0.00032175672822631896,-0.016340089961886406,0.0,0.0,0.0
28300,0,-0.0007455911836586893,0.0003147389506921172,-0.01631939969956875,0.0,0.0,0.0
28310,0,-0.0002586874470580369,0.00032760491012595594,-0.017388632521033287,0.0,0.0,0.0
28320,0,-0.000241597430431284,0.00031814631074666977,-0.01742667891085148,0.0,0.0,0.0
28330,0,-0.0014366722898557782,0.0003390692872926593,-0.017466150224208832,0.0,0.0,0.0
28340,0,0.0002502021670807153,7.715066749369726e-05,-0.017552442848682404,0.0,0.0,0.0
28350,0,0.0002502021670807153,7.715066749369726e-05,-0.017552442848682404,0.0,0.0,0.0
28360,0,0.0002873999474104494,4.9207170377485454e-05,-0.016935434192419052,0.0,0.0,0.0
28370,0,-0.0011964959558099508,0.0003330557083245367,-0.016940206289291382,0.0,0.0,0.0
28380,0,-0.00047317350981757045,0.0003214955795556307,-0.01694294437766075,0.0,0.0,0.0
28390,0,-0.0011589128989726305,0.0005625813500955701,-0.016944048926234245,0.0,0.0,0.0
28400,0,-0.00043966766679659486,0.0003147279203403741,-0.016970645636320114,0.0,0.0,0.0
28410,0,-0.00043966766679659486,0.0003147279203403741,-0.016970645636320114,0.0,0.0,0.0
28420,0,-0.00043648091377690434,0.00030849696486257017,-0.016970911994576454,0.0,0.0,0.0
28430,0,-0.0012207840336486697,0.00031036994187161326,-0.016971442848443985,0.0,0.0,0.0
28440,0,-0.0012627925025299191,0.00030356989009305835,-0.016969382762908936,0.0,0.0,0.0
28450,0,-0.00021379347890615463,0.0005343772936612368,-0.016983257606625557,0.0,0.0,0.0
28460,0,-0.0001905982062453404,0.0005412407917901874,-0.01698151044547558,0.0,0.0,0.0
28470,0,-0.001120468252338469,0.0002919236139860004,-0.016991037875413895,0.0,0.0,0.0
28480,0,-0.0011556227691471577,0.00028402628959156573,-0.016990015283226967,0.0,0.0,0.0
28490,0,0.00038624979788437486,0.00027967619826085865,-0.016997966915369034,0.0,0.0,0.0
28500,0,0.0004426351224537939,0.00027457845862954855,-0.016999511048197746,0.0,0.0,0.0
28510,0,0.00042992003727704287,1.7647918866714463e-05,-0.017002610489726067,0.0,0.0,0.0
28520,0,0.00048383299144916236,-1.4042780094314367e-06,-0.01700541377067566,0.0,0.0,0.0
28530,0,0.0003610514977481216,2.6619763957569376e-05,-0.017016952857375145,0.0,0.0,0.0
28540,0,-0.000420042488258332,0.00028777107945643365,-0.016145288944244385,0.0,0.0,0.0
28550,0,0.00029439094942063093,0.0002851758326869458,-0.016145547851920128,0.0,0.0,0.0
28560,0,0.0003403326845727861,0.0002857629442587495,-0.01609407179057598,0.0,0.0,0.0
28570,0,0.0005248080124147236,5.514043368748389e-05,-0.01604103110730648,0.0,0.0,0.0
28580,0,-0.0012103342451155186,0.0005574142560362816,-0.015951722860336304,0.0,0.0,0.0
28590,0,-0.00047316739801317453,0.0005366141558624804,-0.01597953774034977,0.0,0.0,0.0
28600,0,-0.00048322748625651,0.000553345016669482,-0.015928924083709717,0.0,0.0,0.0
28610,0,0.0001901336945593357,7.231019117170945e-05,-0.015880132094025612,0.0,0.0,0.0
28620,0,-0.0012353409547358751,0.0005527437897399068,-0.015780821442604065,0.0,0.0,0.0
28630,0,-0.0012353409547358751,0.0005527437897399068,-0.015780821442604065,0.0,0.0,0.0
28640,0,-0.0005391493905335665,0.0003185828390996903,-0.016281122341752052,0.0,0.0,0.0
28650,0,-0.0012214762391522527,0.00032238237326964736,-0.016252955421805382,0.0,0.0,0.0
28660,0,-0.0012776113580912352,0.0003303928824607283,-0.01622338965535164,0.0,0.0,0.0
28670,0,-0.0013342020101845264,0.00033788970904424787,-0.016192877665162086,0.0,0.0,0.0
28680,0,-0.0013919201446697116,0.0003458073770161718,-0.016089189797639847,0.0,0.0,0.0
28690,0,-0.0005319573683664203,0.00033780906233005226,-0.016059771180152893,0.0,0.0,0.0
28700,0,-0.0005352178122848272,0.0003463115426711738,-0.01602279394865036,0.0,0.0,0.0
28710,0,-0.0015039780410006642,0.0005822342936880887,-0.016012253239750862,0.0,0.0,0.0
28720,0,-0.0004241048882249743,0.0005667367368005216,-0.0159906093031168,0.0,0.0,0.0
28730,0,-0.001165606314316392,0.0005630609230138361,-0.015975836664438248,0.0,0.0,0.0
28740,0,-0.0003801653510890901,3.754998033400625e-05,-0.01590603217482567,0.0,0.0,0.0
28750,0,-0.0003801653510890901,3.754998033400625e-05,-0.01590603217482567,0.0,0.0,0.0
28760,0,-0.0003726265567820519,2.7130377930006944e-05,-0.01586773805320263,0.0,0.0,0.0
28770,0,-0.0003663929528556764,0.00029889747384004295,-0.01677429862320423,0.0,0.0,0.0
28780,0,-0.0003579672484192997,0.00030840214458294213,-0.016795644536614418,0.0,0.0,0.0
28790,0,0.0007512936135753989,1.8040971554000862e-05,-0.0168149471282959,0.0,0.0,0.0
28800,0,0.0008280861075036228,1.1070256732637063e-05,-0.016836607828736305,0.0,0.0,0.0
28810,0,-0.000354757095919922,0.0003112063859589398,-0.01687709242105484,0.0,0.0,0.0
28820,0,-0.0003476407437119633,0.00032516373903490603,-0.017849523574113846,0.0,0.0,0.0
28830,0,0.0005549464258365333,0.00031504069920629263,-0.017930757254362106,0.0,0.0,0.0
28840,0,0.0006122207851149142,0.00032763282069936395,-0.018010921776294708,0.0,0.0,0.0
28851,0,0.0008954724762588739,0.00031802686862647533,-0.018088629469275475,0.0,0.0,0.0
28860,0,-0.00041131777106784284,0.0003127780801150948,-0.017676595598459244,0.0,0.0,0.0
28871,0,-0.00041587225859984756,0.0003255400515627116,-0.017726855352520943,0.0,0.0,0.0
28880,0,-0.00041577668162062764,0.0006327282171696424,-0.017776042222976685,0.0,0.0,0.0
28891,0,-0.0013288205955177546,0.00031699580722488463,-0.017824413254857063,0.0,0.0,0.0
28901,0,0.0004329344956204295,0.00028682194533757865,-0.01788168027997017,0.0,0.0,0.0
28911,0,0.00047454371815547347,0.0002967280161101371,-0.01706523634493351,0.0,0.0,0.0
28920,0,-0.00039825416752137244,0.00029534095665439963,-0.017064645886421204,0.0,0.0,0.0
28930,0,-0.0004002038622274995,0.00030652916757389903,-0.017060456797480583,0.0,0.0,0.0
28940,0,-0.00040103838546201587,0.00031678719096817076,-0.017057567834854126,0.0,0.0,0.0
28950,0,-0.00040109807741828263,0.00032678383286111057,-0.01705499365925789,0.0,0.0,0.0
28960,0,-0.00039852180634625256,0.00033747474662959576,-0.01747920736670494,0.0,0.0,0.0
28971,0,-0.00040026818169280887,0.0003463736502453685,-0.017498133704066277,0.0,0.0,0.0
28980,0,0.0006943491753190756,-0.0003851246146950871,-0.01751542091369629,0.0,0.0,0.0
28990,0,-0.0003849204513244331,0.00033809972228482366,-0.01754194125533104,0.0,0.0,0.0
29000,0,-0.0003871978842653334,0.00034096819581463933,-0.01732541248202324,0.0,0.0,0.0
29010,0,-0.00038779457099735737,0.0003434378595557064,-0.017328979447484016,0.0,0.0,0.0
29020,0,-0.00038901338120922446,0.0003451111842878163,-0.017330775037407875,0.0,0.0,0.0
29031,0,-0.0003914379922207445,0.00034568962291814387,-0.01733226329088211,0.0,0.0,0.0
29041,0,0.0008586361072957516,0.00034324947046115994,-0.01733609475195408,0.0,0.0,0.0
29051,0,-0.00037785086897201836,-4.830662510357797e-05,-0.016777880489826202,0.0,0.0,0.0
29060,0,-0.00037297848029993474,0.0003440543368924409,-0.016749383881688118,0.0,0.0,0.0
29071,0,-0.00037576613249257207,0.0003454220714047551,-0.01671692356467247,0.0,0.0,0.0
29081,0,0.0007929616258479655,0.0003385248128324747,-0.01668291911482811,0.0,0.0,0.0
29091,0,-0.0003484912740532309,0.00069281185278669,-0.016349375247955322,0.0,0.0,0.0
29100,0,-0.0003484912740532309,0.00069281185278669,-0.016349375247955322,0.0,0.0,0.0
29111,0,-0.0003525764914229512,0.0007051669526845217,-0.016301315277814865,0.0,0.0,0.0
29121,0,0.000661372730974108,0.0006808051839470863,-0.016253147274255753,0.0,0.0,0.0
29131,0,-0.0003472404205240309,0.0006798486574552953,-0.016209671273827553,0.0,0.0,0.0
29141,0,-0.0003529129608068615,0.0006906955968588591,-0.016095101833343506,0.0,0.0,0.0
29151,0,0.0006498150178231299,0.00034639117075130343,-0.016041941940784454,0.0,0.0,0.0
29161,0,-0.0003334576322231442,0.0003520763712003827,-0.015989789739251137,0.0,0.0,0.0
29171,0,-0.0012822991702705622,0.0003525472420733422,-0.015930568799376488,0.0,0.0,0.0
29181,0,0.0005801040097139776,0.00034650275483727455,-0.015887953341007233,0.0,0.0,0.0
29191,0,-0.0003231171576771885,0.00035450622090138495,-0.017137253656983376,0.0,0.0,0.0
29201,0,-0.0014962477143853903,0.0003581576456781477,-0.01714959554374218,0.0,0.0,0.0
29211,0,-0.000328038411680609,0.00035211018985137343,-0.017172669991850853,0.0,0.0,0.0
29221,0,-0.00033102487213909626,0.0003509136149659753,-0.017184732481837273,0.0,0.0,0.0
29231,0,-0.0003193842712789774,0.0006195181049406528,-0.016734983772039413,0.0,0.0,0.0
29241,0,-0.0003217639459762722,0.0006323122070170939,-0.01671871915459633,0.0,0.0,0.0
29250,0,-0.0003310389874968678,8.262500341515988e-05,-0.016703706234693527,0.0,0.0,0.0
29261,0,-0.0003284027043264359,6.659076461801305e-05,-0.01668456569314003,0.0,0.0,0.0
29270,0,-0.0011509191244840622,8.036056533455849e-05,-0.01666538044810295,0.0,0.0,0.0
29281,0,0.0004491885774768889,0.0003449521027505398,-0.017199421301484108,0.0,0.0,0.0
29290,0,-0.00036928901681676507,0.0003506870416458696,-0.017216192558407784,0.0,0.0,0.0
29300,0,0.0003996781015302986,0.0003545641084201634,-0.017227785661816597,0.0,0.0,0.0
29310,0,0.0004425741790328175,0.00035442403168417513,-0.017238903790712357,0.0,0.0,0.0
29321,0,0.0004089331778232008,0.00035312591353431344,-0.017255254089832306,0.0,0.0,0.0
29330,0,0.00045968074118718505,0.0003560307086445391,-0.018397070467472076,0.0,0.0,0.0
29341,0,-5.5236549087567255e-05,0.0003595626913011074,-0.018471669405698776,0.0,0.0,0.0
29350,0,-0.0011034324998036027,0.0006223543314263225,-0.01854490302503109,0.0,0.0,0.0
29360,0,0.00037857957067899406,-0.0001227041066158563,-0.018628744408488274,0.0,0.0,0.0
29370,0,0.0004166595172137022,-0.0001416720187989995,-0.018423257395625114,0.0,0.0,0.0
29381,0,-0.00035392315476201475,0.0003787087625823915,-0.01848248951137066,0.0,0.0,0.0
29390,0,0.0004434490983840078,0.00010868695244425908,-0.0185371283441782,0.0,0.0,0.0
29401,0,-0.0003082129405811429,0.00011317575990688056,-0.01859397254884243,0.0,0.0,0.0
29410,0,-0.0010754265822470188,0.0006284359260462224,-0.018644707277417183,0.0,0.0,0.0
29421,0,-0.0011381281074136496,0.0006575321895070374,-0.01672806218266487,0.0,0.0,0.0
29430,0,-0.00032594980439171195,0.00038512866012752056,-0.016666468232870102,0.0,0.0,0.0
29441,0,-0.00032847721013240516,0.0004021379572805017,-0.01659812591969967,0.0,0.0,0.0
29450,0,0.0004945513210259378,0.00011972866195719689,-0.016529789194464684,0.0,0.0,0.0
29460,0,-0.0010623191483318806,0.0003826863248832524,-0.01647469401359558,0.0,0.0,0.0
29470,0,-0.0011091920314356685,0.0004003538051620126,-0.01663280464708805,0.0,0.0,0.0
29481,0,0.0007848557434044778,0.0003896497655659914,-0.01658591628074646,0.0,0.0,0.0
29490,0,-0.0003245259285904467,0.0006586014642380178,-0.01653829775750637,0.0,0.0,0.0
29501,0,-0.00032401466160081327,0.00039674772415310144,-0.016480034217238426,0.0,0.0,0.0
29510,0,0.00046250494779087603,0.0003853340167552233,-0.01535740215331316,0.0,0.0,0.0
29521,0,0.00043989706318825483,0.00036681650090031326,-0.015229972079396248,0.0,0.0,0.0
29530,0,0.0004807680088561028,0.0003771243500523269,-0.01509643904864788,0.0,0.0,0.0
29540,0,-0.0002531787904445082,0.00013586843851953745,-0.014969062060117722,0.0,0.0,0.0
29550,0,-0.0002600133593659848,0.00012944440823048353,-0.0148366279900074,0.0,0.0,0.0
29561,0,-0.00025736686075106263,0.0001275704853469506,-0.01620793528854847,0.0,0.0,0.0
29570,0,-0.001363523188047111,0.00041503433021716774,-0.016171662136912346,0.0,0.0,0.0
29580,0,-0.00030106320627965033,0.00014635114348493516,-0.016148509457707405,0.0,0.0,0.0
29590,0,-0.00030511830118484795,0.00014081571134738624,-0.01611202023923397,0.0,0.0,0.0
29601,0,-0.0003010929503943771,0.0004111958551220596,-0.016474958509206772,0.0,0.0,0.0
29610,0,-0.0014124374138191342,0.000694035436026752,-0.016462907195091248,0.0,0.0,0.0
29621,0,0.0006872275844216347,0.00042128958739340305,-0.01647234335541725,0.0,0.0,0.0
29630,0,-0.00039476461824961007,0.0004253532097209245,-0.016475027427077293,0.0,0.0,0.0
29641,0,-0.00114189472515136,0.00042714946903288364,-0.0164639875292778,0.0,0.0,0.0
29650,0,0.0004220305709168315,0.00016447711095679551,-0.01670864410698414,0.0,0.0,0.0
29661,0,-0.0012964856578037143,0.00041325134225189686,-0.016722016036510468,0.0,0.0,0.0
29670,0,-2.8739721528836526e-05,0.00015639363846275955,-0.016735201701521873,0.0,0.0,0.0
29681,0,-0.0002680355974007398,0.00039641623152419925,-0.016737721860408783,0.0,0.0,0.0
29690,0,0.0004620988038368523,0.0001508374698460102,-0.016735751181840897,0.0,0.0,0.0
29700,0,0.0005059633404016495,0.00014167292101774365,-0.01639479398727417,0.0,0.0,0.0
29710,0,-0.00026825955137610435,0.000147127517266199,-0.016378702595829964,0.0,0.0,0.0
29721,0,-0.0002693565038498491,0.00039098437991924584,-0.01635841466486454,0.0,0.0,0.0
29730,0,0.00047326937783509493,0.00013803761976305395,-0.016338510438799858,0.0,0.0,0.0
29740,0,0.0006936188437975943,0.0003679433430079371,-0.015310973860323429,0.0,0.0,0.0
29750,0,-0.0012488729553297162,0.0006173133151605725,-0.015242373570799828,0.0,0.0,0.0
29760,0,0.0003619292110670358,0.0003840577555820346,-0.015179515816271305,0.0,0.0,0.0
29770,0,-0.00105956697370857,0.000389570341212675,-0.015108196064829826,0.0,0.0,0.0
29780,0,-0.0005897583905607462,0.0003867805062327534,-0.015034031122922897,0.0,0.0,0.0
29790,0,0.00032148530590347946,0.0001572505570948124,-0.015427675098180771,0.0,0.0,0.0
29800,0,-0.0009942605393007398,0.00038115933421067894,-0.015385223552584648,0.0,0.0,0.0
29810,0,-0.0005493849748745561,0.0006033483659848571,-0.015341699123382568,0.0,0.0,0.0
29822,0,0.00032662987359799445,0.00016405436326749623,-0.015255573205649853,0.0,0.0,0.0
29830,0,0.00032662987359799445,0.00016405436326749623,-0.015255573205649853,0.0,0.0,0.0
29840,0,-0.00031582338851876557,0.0003842801961582154,-0.016489338129758835,0.0,0.0,0.0
29850,0,-0.0009615469607524574,0.0003852573863696307,-0.016523513942956924,0.0,0.0,0.0
29860,0,0.00030639072065241635,0.00038401628262363374,-0.016569267958402634,0.0,0.0,0.0
29870,0,-0.0009693638421595097,0.00038553596823476255,-0.01661534048616886,0.0,0.0,0.0
29880,0,0.0002821799134835601,0.00038381980266422033,-0.01680653728544712,0.0,0.0,0.0
29890,0,-0.0003507077635731548,0.00038848555414006114,-0.016853906214237213,0.0,0.0,0.0
29900,0,0.0004754843539558351,0.00017875149205792695,-0.016897879540920258,0.0,0.0,0.0
29910,0,-0.0003433299425523728,0.00018393904611002654,-0.016949020326137543,0.0,0.0,0.0
29920,0,-0.00034176401095464826,0.0003898574213963002,-0.016993623226881027,0.0,0.0,0.0
29930,0,0.0002700663171708584,0.0003889341314788908,-0.01659168303012848,0.0,0.0,0.0
29940,0,-0.0009426400647498667,0.000393833703128621,-0.016614925116300583,0.0,0.0,0.0
29950,0,-0.00032980748801492155,0.0003882937307935208,-0.0166362002491951,0.0,0.0,0.0
29960,0,0.000272210716502741,0.00038654846139252186,-0.016652800142765045,0.0,0.0,0.0
29972,0,-0.00033399241510778666,0.00038632535142824054,-0.015598882921040058,0.0,0.0,0.0
29980,0,-0.00034580565989017487,0.00039132547681219876,-0.015557568520307541,0.0,0.0,0.0
29990,0,-0.0003577564493753016,0.00039658459718339145,-0.015517478808760643,0.0,0.0,0.0
30000,0,-0.00035178865073248744,0.00017368038243148476,-0.015478168614208698,0.0,0.0,0.0
30010,0,-0.0005755790625698864,0.00039547699270769954,-0.015439039096236229,0.0,0.0,0.0
30020,0,-0.0003435099497437477,0.0003943642368540168,-0.01564662717282772,0.0,0.0,0.0
30032,0,-0.00034376062103547156,0.0003878788847941905,-0.01561930775642395,0.0,0.0,0.0
30042,0,-0.0005480056279338896,0.0003879908181261271,-0.01559117529541254,0.0,0.0,0.0
30050,0,-0.0005744030349887908,0.00039426828152500093,-0.01556476391851902,0.0,0.0,0.0
30060,0,-0.0012260463554412127,0.0001803406048566103,-0.015536101534962654,0.0,0.0,0.0
30070,0,-0.0003803158469963819,0.00038899655919522047,-0.014476591721177101,0.0,0.0,0.0
30080,0,0.0002654405834618956,0.00038801017217338085,-0.014392629265785217,0.0,0.0,0.0
30090,0,-0.0009880324359983206,0.0003912060637958348,-0.014315555803477764,0.0,0.0,0.0
30100,0,-0.0009874337119981647,0.0006063152686692774,-0.014229890890419483,0.0,0.0,0.0
30110,0,0.0002610098454169929,0.0005998136475682259,-0.0141530130058527,0.0,0.0,0.0
30120,0,-0.0009932013927027583,0.0003967973461840302,-0.015242476016283035,0.0,0.0,0.0
30130,0,-0.0005811274750158191,0.00018805384752340615,-0.015219041146337986,0.0,0.0,0.0
30140,0,0.00025939824990928173,0.00018295863992534578,-0.015193285420536995,0.0,0.0,0.0
30150,0,-0.00098066171631217,0.0003951177641283721,-0.015178189612925053,0.0,0.0,0.0
30160,0,0.00025994269526563585,0.0005960342823527753,-0.01509613823145628,0.0,0.0,0.0
30170,0,-0.0003577284805942327,0.0006056582205928862,-0.015067298896610737,0.0,0.0,0.0
30181,0,-0.000364422652637586,0.0006258157663978636,-0.015036378055810928,0.0,0.0,0.0
30190,0,-0.00036762142553925514,0.00040483096381649375,-0.015003617852926254,0.0,0.0,0.0
30200,0,-0.001007606042549014,0.00041039864299818873,-0.014967607334256172,0.0,0.0,0.0
30210,0,0.0003087697259616107,0.00040584139060229063,-0.015379193238914013,0.0,0.0,0.0
30220,0,0.00034394097747281194,0.00040900541353039443,-0.015366904437541962,0.0,0.0,0.0
30230,0,-0.001035221153870225,0.0006397170363925397,-0.015364577062427998,0.0,0.0,0.0
30240,0,-0.0003738590457942337,0.0006388056208379567,-0.015356925316154957,0.0,0.0,0.0
30250,0,0.0003093829727731645,0.00041133470949716866,-0.015343956649303436,0.0,0.0,0.0
30260,0,-0.0001236633979715407,0.00041669222991913557,-0.016030706465244293,0.0,0.0,0.0
30270,0,-0.0003425319155212492,0.0004171527980361134,-0.016055244952440262,0.0,0.0,0.0
30280,0,0.0005157674313522875,0.00020109850447624922,-0.016080345958471298,0.0,0.0,0.0
30290,0,-0.001273021218366921,0.00020822961232624948,-0.01612386293709278,0.0,0.0,0.0
30302,0,-3.1947151001077145e-05,0.00041700981091707945,-0.016108138486742973,0.0,0.0,0.0
30310,0,-1.9518083718139678e-05,0.0004254818195477128,-0.016132883727550507,0.0,0.0,0.0
30320,0,0.00019453998538665473,0.00021576228027697653,-0.01615782640874386,0.0,0.0,0.0
30330,0,-0.00045504968147724867,0.00021687262051273137,-0.01618642918765545,0.0,0.0,0.0
30340,0,-0.0010745286708697677,0.00042630243115127087,-0.016209349036216736,0.0,0.0,0.0
30350,0,0.00023476440401282161,0.0002000637468881905,-0.01614537462592125,0.0,0.0,0.0
30360,0,-0.00038331764517351985,0.0004106197156943381,-0.016168789938092232,0.0,0.0,0.0
30370,0,0.00025885572540573776,0.00040653799078427255,-0.016189472749829292,0.0,0.0,0.0
30380,0,-0.0009670008439570665,0.00041071235318668187,-0.016216585412621498,0.0,0.0,0.0
30390,0,-0.000529926794115454,0.0004054320161230862,-0.01624114438891411,0.0,0.0,0.0
30400,0,0.0002908805035986006,0.0006079594604671001,-0.017028477042913437,0.0,0.0,0.0
30410,0,-0.0009834335651248693,0.00039969952194951475,-0.017105670645833015,0.0,0.0,0.0
30420,0,0.00023531941405963153,0.000194204825675115,-0.017184684053063393,0.0,0.0,0.0
30430,0,-0.001249887514859438,0.0004106763517484069,-0.01726655662059784,0.0,0.0,0.0
30440,0,0.0001647845929255709,0.0004061599029228091,-0.016781741753220558,0.0,0.0,0.0
30450,0,-0.0004681379359681159,0.0004093287861905992,-0.016816090792417526,0.0,0.0,0.0
30460,0,0.00013212396879680455,0.0004093355964869261,-0.016845103353261948,0.0,0.0,0.0
30470,0,0.0001309217041125521,-9.753011909197085e-06,-0.016871580854058266,0.0,0.0,0.0
30480,0,-0.001073008286766708,0.0005934173823334277,-0.016908971592783928,0.0,0.0,0.0
30490,0,0.00018706817354541272,0.0005886457511223853,-0.017421867698431015,0.0,0.0,0.0
30500,0,-0.0004070819413755089,0.0005917316302657127,-0.017482291907072067,0.0,0.0,0.0
30510,0,-0.0004122686223126948,0.0003825241874437779,-0.017539657652378082,0.0,0.0,0.0
30520,0,-0.0010121016530320048,0.0005839801742695272,-0.017595071345567703,0.0,0.0,0.0
30530,0,-0.0012251752195879817,0.0003765207948163152,-0.017649298533797264,0.0,0.0,0.0
30540,0,0.0003631133586168289,0.00037208644789643586,-0.016932623460888863,0.0,0.0,0.0
30550,0,0.0004118965589441359,0.0003702201065607369,-0.016936762258410454,0.0,0.0,0.0
30560,0,-0.0002287257375428453,0.00015990162501111627,-0.016945410519838333,0.0,0.0,0.0
30570,0,-0.00045173976104706526,0.00038468025741167367,-0.01694687083363533,0.0,0.0,0.0
30580,0,-0.0010902505600824952,0.00038658236735500395,-0.016100142151117325,0.0,0.0,0.0
30590,0,-0.0004357436264399439,0.00038314430275931954,-0.016052359715104103,0.0,0.0,0.0
30600,0,-0.0004442764329724014,0.00038168070022948086,-0.016000254079699516,0.0,0.0,0.0
30611,0,0.0002487031160853803,0.0003812464128714055,-0.015948139131069183,0.0,0.0,0.0
30622,0,-0.0004068019625265151,0.0003833320224657655,-0.015902768820524216,0.0,0.0,0.0
30630,0,0.0005191561649553478,0.0003793513751588762,-0.017727669328451157,0.0,0.0,0.0
30642,0,-0.00013228422903921455,0.00038216059328988194,-0.01780043914914131,0.0,0.0,0.0
30650,0,0.0003204609965905547,0.00015672476729378104,-0.017865272238850594,0.0,0.0,0.0
30661,0,-0.0009666685364209116,0.00016004062490537763,-0.01794263906776905,0.0,0.0,0.0
30670,0,-0.0009622634970583022,0.00038551201578229666,-0.01800961047410965,0.0,0.0,0.0
30681,0,0.00030772603349760175,0.00038165051955729723,-0.016708461567759514,0.0,0.0,0.0
30690,0,0.0003013532259501517,0.00015880960563663393,-0.016694029793143272,0.0,0.0,0.0
30701,0,0.000517267151735723,0.00016000345931388438,-0.01667705737054348,0.0,0.0,0.0
30710,0,0.0005692779086530209,0.00015218362386804074,-0.01665976643562317,0.0,0.0,0.0
30720,0,0.0006217986228875816,0.00014428338909056038,-0.01680161990225315,0.0,0.0,0.0
30730,0,-0.0003742208646144718,0.00039281812496483326,-0.016799410805106163,0.0,0.0,0.0
30740,0,0.00034303864231333137,0.0001583172270329669,-0.01679161563515663,0.0,0.0,0.0
30750,0,-0.0003838456468656659,0.0006417982513085008,-0.016785088926553726,0.0,0.0,0.0
30760,0,-0.00038564999704249203,0.0004091700247954577,-0.01677359640598297,0.0,0.0,0.0
30770,0,0.00032188245677389205,0.00040639418875798583,-0.016409777104854584,0.0,0.0,0.0
30780,0,-0.0003772203344851732,0.0006406772299669683,-0.01638200879096985,0.0,0.0,0.0
30790,0,-0.0003755561192519963,0.00017775336164049804,-0.016352709382772446,0.0,0.0,0.0
30800,0,-0.0010644301073625684,0.0004119106743019074,-0.016318965703248978,0.0,0.0,0.0
30810,0,-0.0003752803022507578,0.0004129375738557428,-0.016295447945594788,0.0,0.0,0.0
30820,0,-0.000388988119084388,0.000418394454754889,-0.01612379588186741,0.0,0.0,0.0
30830,0,-0.00040212812018580735,0.00042485384619794786,-0.01608172431588173,0.0,0.0,0.0
30840,0,-0.0011630943045020103,0.0004248861805535853,-0.01603805460035801,0.0,0.0,0.0
30850,0,-0.0011509866453707218,0.0006742023979313672,-0.015995927155017853,0.0,0.0,0.0
30860,0,0.00035295658744871616,0.0004205182194709778,-0.016865191981196404,0.0,0.0,0.0
30870,0,-0.00038936163764446974,0.0006650642026215792,-0.016879919916391373,0.0,0.0,0.0
30880,0,0.00033419489045627415,0.00017646273772697896,-0.016892975196242332,0.0,0.0,0.0
30890,0,0.0005751950666308403,0.00018055249529425055,-0.01690371334552765,0.0,0.0,0.0
30900,0,-0.0011006396962329745,0.0004275348619557917,-0.016930602490901947,0.0,0.0,0.0
30910,0,0.0003216808254364878,0.00042366335401311517,-0.016980422660708427,0.0,0.0,0.0
30920,0,-0.00039110667421482503,0.0004251683421898633,-0.01699606142938137,0.0,0.0,0.0
30930,0,-0.0004038817423861474,0.0004229068581480533,-0.017008602619171143,0.0,0.0,0.0
30940,0,0.0005900033283978701,0.00016875891014933586,-0.01702248677611351,0.0,0.0,0.0
30950,0,0.0006306935683824122,0.00015088130021467805,-0.017033936455845833,0.0,0.0,0.0
30960,0,0.00010083185770781711,0.0006692277966067195,-0.015727369114756584,0.0,0.0,0.0
30970,0,-0.0004024276859126985,0.0006663966341875494,-0.015671219676733017,0.0,0.0,0.0
30980,0,-0.0011467747390270233,0.0006670793518424034,-0.015611195005476475,0.0,0.0,0.0
30990,0,-0.0013825197238475084,0.0004186317964922637,-0.015550275333225727,0.0,0.0,0.0
31000,0,0.0006058880826458335,0.00041277281707152724,-0.015714723616838455,0.0,0.0,0.0
31010,0,0.00011755480227293447,0.00042038020910695195,-0.015670692548155785,0.0,0.0,0.0
31020,0,-0.0003737878578249365,0.0006588874384760857,-0.015624050050973892,0.0,0.0,0.0
31030,0,-0.001091264421120286,0.0006591123528778553,-0.015574091114103794,0.0,0.0,0.0
31040,0,-0.0006095973076298833,0.0004192431806586683,-0.015529644675552845,0.0,0.0,0.0
31050,0,-0.0003669423167593777,0.0001815539872040972,-0.015281034633517265,0.0,0.0,0.0
31060,0,-0.0003756482619792223,0.00016551304724998772,-0.015220802277326584,0.0,0.0,0.0
31070,0,-0.00037936720764264464,0.0004130572488065809,-0.015162288211286068,0.0,0.0,0.0
31080,0,-0.00038913742173463106,0.00041009229607880116,-0.01510449405759573,0.0,0.0,0.0
31090,0,-0.00039738291525281966,0.0004072522569913417,-0.015418753027915955,0.0,0.0,0.0
31100,0,-0.0004062798689119518,0.0004036376194562763,-0.015381407923996449,0.0,0.0,0.0
31110,0,-0.00041419087210670114,0.0003989134856965393,-0.015344426967203617,0.0,0.0,0.0
31120,0,-0.0004138054500799626,9.92390705505386e-05,-0.015307419002056122,0.0,0.0,0.0
31130,0,-0.0013082859804853797,0.0007110502920113504,-0.015272186137735844,0.0,0.0,0.0
31140,0,-0.0004500078212004155,0.00013110392319504172,-0.014337454922497272,0.0,0.0,0.0
31150,0,-0.00043522994383238256,0.00042496356763876975,-0.01425103098154068,0.0,0.0,0.0
31160,0,-0.0004254175291862339,0.0006963476771488786,-0.014163600280880928,0.0,0.0,0.0
31170,0,-0.0004302973684389144,0.000707364350091666,-0.014075912535190582,0.0,0.0,0.0
31180,0,-0.001277512637898326,0.0007070802384987473,-0.013988000340759754,0.0,0.0,0.0
31190,0,0.0004875117156188935,0.000116286966658663,-0.014777484349906445,0.0,0.0,0.0
31200,0,-0.0014350777491927147,0.0004015923186670989,-0.014752812683582306,0.0,0.0,0.0
31210,0,-0.00028765632305294275,0.0004013204015791416,-0.014723741449415684,0.0,0.0,0.0
31220,0,-0.00027731372392736375,0.00039417383959516883,-0.014688456431031227,0.0,0.0,0.0
31230,0,0.0005877627991139889,0.0003934960113838315,-0.014652612619102001,0.0,0.0,0.0
31240,0,-0.00025260966503992677,0.00039183092303574085,-0.01477422472089529,0.0,0.0,0.0
31250,0,0.0008583719609305263,0.00039184122579172254,-0.014750865288078785,0.0,0.0,0.0
31260,0,0.0008420534431934357,0.0001294079702347517,-0.014729897491633892,0.0,0.0,0.0
31270,0,-0.0010763907339423895,0.0004207259917166084,-0.014729751273989677,0.0,0.0,0.0
31280,0,0.00047933420864865184,0.0004155364295002073,-0.016108281910419464,0.0,0.0,0.0
31290,0,-0.0011176984990015626,0.0004242361173965037,-0.016180232167243958,0.0,0.0,0.0
31300,0,0.0003885215555783361,0.000418327865190804,-0.01625775173306465,0.0,0.0,0.0
31310,0,-0.001168198767118156,0.0004297670384403318,-0.01633514277637005,0.0,0.0,0.0
31320,0,-0.0004351761017460376,0.00042783364187926054,-0.01641341671347618,0.0,0.0,0.0
31330,0,-0.0004311861121095717,0.0006804383010603487,-0.01630256511271,0.0,0.0,0.0
31340,0,0.00028968212427571416,0.0006791032501496375,-0.016363462433218956,0.0,0.0,0.0
31350,0,0.0002903933636844158,0.00042640051105991006,-0.016424942761659622,0.0,0.0,0.0
31360,0,-0.00041291958768852055,0.0001931743900058791,-0.01648993231356144,0.0,0.0,0.0
31370,0,0.0003091135004069656,0.0001970785961020738,-0.015425056219100952,0.0,0.0,0.0
31380,0,-0.0003858061973005533,0.00042951921932399273,-0.015419133007526398,0.0,0.0,0.0
31390,0,0.00033009855542331934,0.0006640432984568179,-0.01541166566312313,0.0,0.0,0.0
31400,0,-0.00034767432953231037,-1.3126737030688673e-05,-0.015409783460199833,0.0,0.0,0.0
31410,0,-0.0010482261423021555,0.00046083357301540673,-0.01540413685142994,0.0,0.0,0.0
31420,0,0.00029987204470671713,0.0004531368031166494,-0.017516812309622765,0.0,0.0,0.0
31430,0,-0.00038524947012774646,0.00045728831901215017,-0.017648037523031235,0.0,0.0,0.0
31440,0,0.00027216708986088634,0.00023685250198468566,-0.017777755856513977,0.0,0.0,0.0
31450,0,-0.0004135178751312196,0.00024130249221343547,-0.017910722643136978,0.0,0.0,0.0
31460,0,-0.0004301606386434287,0.0002253793936688453,-0.01804100163280964,0.0,0.0,0.0
31470,0,-0.0013786321505904198,0.0007129373261705041,-0.018613800406455994,0.0,0.0,0.0
31480,0,-0.0004719481512438506,0.0004843332280870527,-0.01878557726740837,0.0,0.0,0.0
31490,0,-0.001173576689325273,0.00048668181989341974,-0.018944043666124344,0.0,0.0,0.0
31500,0,0.00017892320465762168,0.00026032800087705255,-0.019120099022984505,0.0,0.0,0.0
31510,0,0.00016645697178319097,0.0007245792075991631,-0.01779593713581562,0.0,0.0,0.0
31520,0,-0.0004913252196274698,0.0005073123029433191,-0.017866607755422592,0.0,0.0,0.0
31530,0,-0.0005116296815685928,0.0005087703466415405,-0.017933031544089317,0.0,0.0,0.0
31540,0,-0.000534704071469605,0.0005097894463688135,-0.017999323084950447,0.0,0.0,0.0
31550,0,-0.0005591724766418338,0.0005097544053569436,-0.018065720796585083,0.0,0.0,0.0
31560,0,-0.0016090336721390486,0.0007746357005089521,-0.017184758558869362,0.0,0.0,0.0
31570,0,-0.001586420927196741,0.0005008302978239954,-0.017197582870721817,0.0,0.0,0.0
31580,0,-0.001666136784479022,0.0005011351895518601,-0.017208850011229515,0.0,0.0,0.0
31590,0,-0.001630587736144662,0.0007828736561350524,-0.017222300171852112,0.0,0.0,0.0
31600,0,0.0002379068173468113,0.0005037326482124627,-0.016242284327745438,0.0,0.0,0.0
31610,0,-0.0005969117628410459,0.0005059115355834365,-0.01619889587163925,0.0,0.0,0.0
31620,0,-0.0005978385452181101,0.0002492296334821731,-0.016148461028933525,0.0,0.0,0.0
31630,0,0.00045574360410682857,0.0002525357704143971,-0.0160965695977211,0.0,0.0,0.0
31640,0,-0.001384941628202796,0.0007849786779843271,-0.0160725899040699,0.0,0.0,0.0
31650,0,-0.0014495119685307145,0.0007979575893841684,-0.015093212015926838,0.0,0.0,0.0
31660,0,-0.000653277849778533,0.000793912447988987,-0.014989949762821198,0.0,0.0,0.0
31670,0,0.000128611660329625,0.0005238955491222441,-0.014881087467074394,0.0,0.0,0.0
31680,0,-0.0006567687378264964,0.0005250130780041218,-0.0147777134552598,0.0,0.0,0.0
31690,0,0.0003522457554936409,0.0005242811748757958,-0.014667868614196777,0.0,0.0,0.0
31700,0,-0.0006518372101709247,0.0007765089976601303,-0.015172528102993965,0.0,0.0,0.0
31710,0,-0.0013956248294562101,0.0005339200142771006,-0.015098759904503822,0.0,0.0,0.0
31720,0,-0.001455283840186894,0.0005281241028569639,-0.015025809407234192,0.0,0.0,0.0
31730,0,-0.0015182935167104006,0.0005211659008637071,-0.014951408840715885,0.0,0.0,0.0
31740,0,0.00013076982577331364,0.0002432994224363938,-0.014942946843802929,0.0,0.0,0.0
31750,0,-0.0006794434157200158,0.0005241418839432299,-0.014876235276460648,0.0,0.0,0.0
31760,0,-0.0006957944133318961,0.0005183561006560922,-0.01480441726744175,0.0,0.0,0.0
31770,0,0.00042183668119832873,0.000517342530656606,-0.014733713120222092,0.0,0.0,0.0
31780,0,-0.0006865208270028234,0.0005243908381089568,-0.014669972471892834,0.0,0.0,0.0
31790,0,-0.0014846068806946278,0.0005319013725966215,-0.015208128839731216,0.0,0.0,0.0
31800,0,0.0003747295995708555,0.0005256907315924764,-0.01517886109650135,0.0,0.0,0.0
31810,0,0.0003599767223931849,0.00026575400261208415,-0.015133541077375412,0.0,0.0,0.0
31820,0,-0.0014307897072285414,0.0005295752198435366,-0.015100527554750443,0.0,0.0,0.0
31830,0,9.276255150325596e-05,0.0005274947616271675,-0.015069984830915928,0.0,0.0,0.0
31840,0,-0.0016757464036345482,0.0007856790325604379,-0.015000474639236927,0.0,0.0,0.0
31850,0,-0.001746725756675005,0.000797957822214812,-0.014953776262700558,0.0,0.0,0.0
31860,0,-0.0006735075730830431,0.0005249502137303352,-0.014919547364115715,0.0,0.0,0.0
31870,0,-0.001667943550273776,0.0005286895320750773,-0.014870570041239262,0.0,0.0,0.0
31880,0,-0.0016544227255508304,0.00027430415502749383,-0.015306851826608181,0.0,0.0,0.0
31890,0,-0.0006408533663488925,0.0005225259810686111,-0.01529114693403244,0.0,0.0,0.0
31900,0,0.0003610991989262402,0.0005203174659982324,-0.015267862938344479,0.0,0.0,0.0
31910,0,-0.0006272780592553318,0.0005277488962747157,-0.015252245590090752,0.0,0.0,0.0
31920,0,-0.0006257110508158803,0.0002852556062862277,-0.015226085670292377,0.0,0.0,0.0
31930,0,-0.001578144496306777,0.0007684854208491743,-0.015530573204159737,0.0,0.0,0.0
31940,0,-0.0015685915714129806,0.0005221321480348706,-0.015521467663347721,0.0,0.0,0.0
31950,0,-0.0006291831959970295,0.0005184588371776044,-0.015519289299845695,0.0,0.0,0.0
31960,0,-0.0013348273932933807,0.0005216181161813438,-0.015512301586568356,0.0,0.0,0.0
31970,0,5.5507105571450666e-05,0.00028457556618377566,-0.015514175407588482,0.0,0.0,0.0
31980,0,-0.0006383404834195971,0.000519005348905921,-0.01529995258897543,0.0,0.0,0.0
31990,0,-0.0006402710569091141,0.0007505379035137594,-0.015279525890946388,0.0,0.0,0.0
32000,0,-0.0006451750523410738,0.0002917031815741211,-0.015261865220963955,0.0,0.0,0.0
32010,0,-0.0015475277323275805,0.00029882689705118537,-0.015244116075336933,0.0,0.0,0.0
32020,0,0.00024356834182981402,0.0002944784064311534,-0.015550242736935616,0.0,0.0,0.0
32030,0,-0.0006480320007540286,0.00029916217317804694,-0.015558253042399883,0.0,0.0,0.0
32040,0,0.00023164508456829935,0.00029564136639237404,-0.01555876899510622,0.0,0.0,0.0
32050,0,-0.001546752406284213,0.0007425682269968092,-0.015577415004372597,0.0,0.0,0.0
32060,0,-0.0008930835756473243,0.0005214907578192651,-0.015586405992507935,0.0,0.0,0.0
32070,0,-0.0006699967198073864,0.0005205924971960485,-0.016171270981431007,0.0,0.0,0.0
32080,0,-0.0013124813558533788,0.0007356947753578424,-0.01620551198720932,0.0,0.0,0.0
32090,0,-0.0008713157731108367,0.00029604494920931756,-0.016243189573287964,0.0,0.0,0.0
32100,0,-0.0006571138510480523,0.0002964577288366854,-0.0162762850522995,0.0,0.0,0.0
32110,0,-2.2571075533051044e-06,0.0005133628728799522,-0.016306603327393532,0.0,0.0,0.0
32120,0,-0.0012547624064609408,0.0007272358052432537,-0.015802830457687378,0.0,0.0,0.0
32130,0,4.736610208055936e-05,0.00028545164968818426,-0.015812823548913002,0.0,0.0,0.0
32140,0,-0.0011951691703870893,0.0007029540720395744,-0.01582610234618187,0.0,0.0,0.0
32150,0,-0.0007666175370104611,0.000697640934959054,-0.015830136835575104,0.0,0.0,0.0
32160,0,-0.0005576382973231375,0.0006987940869294107,-0.016726937144994736,0.0,0.0,0.0
32170,0,-0.0014163001906126738,0.00048449073801748455,-0.016779063269495964,0.0,0.0,0.0
32180,0,7.683560397708789e-06,0.00047789650852791965,-0.016838736832141876,0.0,0.0,0.0
32190,0,-0.0006355141522362828,0.00048119830898940563,-0.016891492530703545,0.0,0.0,0.0
32200,0,0.00017323085921816528,0.00027659759507514536,-0.016935760155320168,0.0,0.0,0.0
32210,0,0.00017282736371271312,0.0004898572224192321,-0.01700698584318161,0.0,0.0,0.0
32220,0,-0.0012410227209329605,0.0006958167650736868,-0.01706256903707981,0.0,0.0,0.0
32230,0,-0.0006094705895520747,0.0004849167016800493,-0.017114801332354546,0.0,0.0,0.0
32240,0,-0.0006070220260880888,0.0002865295682568103,-0.017160888761281967,0.0,0.0,0.0
32250,0,-0.000613713578786701,0.0004954617470502853,-0.016250211745500565,0.0,0.0,0.0
32260,0,-0.0006201087962836027,0.0004976780619472265,-0.016235187649726868,0.0,0.0,0.0
32270,0,-0.0012804025318473577,0.0007220509578473866,-0.016219783574342728,0.0,0.0,0.0
32280,0,-0.0008595376275479794,0.0007199987885542214,-0.016209661960601807,0.0,0.0,0.0
32290,0,-0.0006418005214072764,0.0007213460048660636,-0.016195915639400482,0.0,0.0,0.0
32300,0,-1.1567739420570433e-05,0.000512275262735784,-0.017910994589328766,0.0,0.0,0.0
32310,0,-0.00044492012239061296,0.0005162932211533189,-0.018006406724452972,0.0,0.0,0.0
32320,0,-0.0006526388460770249,0.0005200391751714051,-0.01809750311076641,0.0,0.0,0.0
32330,0,0.00020784766820725054,0.00030363272526301444,-0.018188614398241043,0.0,0.0,0.0
32340,0,0.00025666458532214165,0.0002905428991653025,-0.01827728934586048,0.0,0.0,0.0
32350,0,-0.0006649408605881035,0.0005253113922663033,-0.018246127292513847,0.0,0.0,0.0
32360,0,-1.488452653575223e-05,0.0003052342508453876,-0.01832946389913559,0.0,0.0,0.0
32370,0,-0.0015967360232025385,0.0005362714291550219,-0.01842169091105461,0.0,0.0,0.0
32380,0,-9.715883061289787e-05,0.00031510976259596646,-0.018531663343310356,0.0,0.0,0.0
32390,0,-0.0007760163280181587,0.0007647036691196263,-0.016982302069664,0.0,0.0,0.0
32400,0,-0.0007989414734765887,0.0007885046652518213,-0.01696128211915493,0.0,0.0,0.0
32410,0,-8.808777056401595e-05,0.0007807182846590877,-0.016942983493208885,0.0,0.0,0.0
32420,0,-9.401271381648257e-05,0.00033143162727355957,-0.016923382878303528,0.0,0.0,0.0
32430,0,-7.117837958503515e-05,0.0003209199057891965,-0.016900960355997086,0.0,0.0,0.0
32440,0,-0.0007813916890881956,0.0007990113226696849,-0.016010619699954987,0.0,0.0,0.0
32450,0,-4.753654502565041e-05,0.0005468340241350234,-0.015941442921757698,0.0,0.0,0.0
32460,0,-0.0005108985933475196,0.0005472468910738826,-0.015871388837695122,0.0,0.0,0.0
32470,0,-2.8399368602549657e-05,0.0003031375235877931,-0.01580176129937172,0.0,0.0,0.0
32480,0,-2.33034497796325e-05,0.0005330278072506189,-0.0172074306756258,0.0,0.0,0.0
32490,0,-0.0004978494835086167,0.0005363542004488409,-0.01723117008805275,0.0,0.0,0.0
32500,0,-4.238682231516577e-05,0.0007623223355039954,-0.017253847792744637,0.0,0.0,0.0
32510,0,-0.00143869046587497,0.0005331628490239382,-0.017280075699090958,0.0,0.0,0.0
32520,0,-0.00010927622497547418,0.0005273974384181201,-0.017325684428215027,0.0,0.0,0.0
32530,0,-0.0001029849736369215,0.0005264907376840711,-0.016726722940802574,0.0,0.0,0.0
32540,0,-0.0008369231363758445,0.0005311431596055627,-0.016711963340640068,0.0,0.0,0.0
32550,0,-0.00012576751760207117,0.0005275188013911247,-0.016699204221367836,0.0,0.0,0.0
32560,0,-0.00011581454600673169,0.0005294032744131982,-0.016680298373103142,0.0,0.0,0.0
32570,0,0.00012674741446971893,0.00027953440439887345,-0.01665891520678997,0.0,0.0,0.0
32580,0,-0.0008569563506171107,0.0005238399608060718,-0.014960775151848793,0.0,0.0,0.0
32590,0,-0.0015756646171212196,0.0007701503927819431,-0.014836080372333527,0.0,0.0,0.0
32600,0,-0.0010829113889485598,0.0005251766997389495,-0.014722508378326893,0.0,0.0,0.0
32610,0,-0.00012996493023820221,0.0005277691525407135,-0.014606558717787266,0.0,0.0,0.0
32620,0,-0.0008280934998765588,0.0005306733073666692,-0.015607445500791073,0.0,0.0,0.0
32630,0,-0.0008579464629292488,0.0005330117419362068,-0.0155506432056427,0.0,0.0,0.0
32640,0,-0.00011972228094236925,0.00028623954858630896,-0.015495804138481617,0.0,0.0,0.0
32650,0,-0.0008522514253854752,0.0005344953970052302,-0.015440613031387329,0.0,0.0,0.0
32660,0,0.00010503447992959991,0.00029060340602882206,-0.015386566519737244,0.0,0.0,0.0
32670,0,-0.0015574764693155885,0.0005355241592042148,-0.015635423362255096,0.0,0.0,0.0
32680,0,-0.0008481350378133357,0.0005327446851879358,-0.015602938830852509,0.0,0.0,0.0
32690,0,-0.0008423940162174404,0.00029798957984894514,-0.015562418848276138,0.0,0.0,0.0
32700,0,-0.0008372928132303059,0.0005303181824274361,-0.015521762892603874,0.0,0.0,0.0
32710,0,-0.000858676212374121,0.0005332959117367864,-0.015480625443160534,0.0,0.0,0.0
32720,0,-0.0008804393582977355,0.0005360007635317743,-0.015665870159864426,0.0,0.0,0.0
32730,0,-9.865774336503819e-05,0.0002796393819153309,-0.015639863908290863,0.0,0.0,0.0
32740,0,-0.0008589556673541665,0.0005335450987331569,-0.015617769211530685,0.0,0.0,0.0
32750,0,-0.0008793671149760485,0.0005355389439500868,-0.015591955743730068,0.0,0.0,0.0
32760,0,-8.425038686254993e-05,0.000797822664026171,-0.014497273601591587,0.0,0.0,0.0
32770,0,-0.0008647799259051681,0.0007982598035596311,-0.014418719336390495,0.0,0.0,0.0
32780,0,-9.827796748140827e-05,0.0005394067266024649,-0.014339840970933437,0.0,0.0,0.0
32790,0,-0.00010081513755721971,0.0002909517497755587,-0.014258808456361294,0.0,0.0,0.0
32800,0,-0.0016133362660184503,0.0008032448822632432,-0.014185735955834389,0.0,0.0,0.0
32810,0,-0.00012192349095130339,0.0007934192544780672,-0.015323182567954063,0.0,0.0,0.0
32820,0,-0.00013047679385636002,0.0005430353339761496,-0.01530552189797163,0.0,0.0,0.0
32830,0,-0.0015727891586720943,0.0005455287755466998,-0.015292718075215816,0.0,0.0,0.0
32840,0,-0.0008425387204624712,0.0005413029575720429,-0.01528257131576538,0.0,0.0,0.0
32850,0,-0.00012626973330043256,0.0005346651305444539,-0.015267354436218739,0.0,0.0,0.0
32860,0,-0.0008401997038163245,0.0005357580375857651,-0.015554802492260933,0.0,0.0,0.0
32870,0,-0.00013813760597258806,0.0005325446254573762,-0.015554477460682392,0.0,0.0,0.0
32880,0,-0.0008371336734853685,0.0005356918554753065,-0.015555459074676037,0.0,0.0,0.0
32890,0,-0.00014800907229073346,0.0005296799936331809,-0.015554260462522507,0.0,0.0,0.0
32900,0,-0.0001260782009921968,0.0005326137761585414,-0.015731684863567352,0.0,0.0,0.0
32910,0,-0.0008430518792010844,0.0005307554383762181,-0.0157405324280262,0.0,0.0,0.0
32920,0,-0.0015517467400059104,0.001013604342006147,-0.015744201838970184,0.0,0.0,0.0
32931,0,-0.0008395144250243902,0.0007691520731896162,-0.01575573720037937,0.0,0.0,0.0
32940,0,-0.00014064233982935548,0.0007657341193407774,-0.01575964316725731,0.0,0.0,0.0
